Title,Year,Duration,IMDb Rating,Votes
1. Nosferatu,2024,2h 12m,7.5,115K
2. The Substance,2024,2h 21m,7.3,220K
3. Alien: Romulus,2024,1h 59m,7.1,217K
4. Presence,2024,1h 25m,6.7,2.9K
5. Heretic,2024,1h 51m,7.0,87K
6. Longlegs,2024,1h 41m,6.6,160K
7. Nightbitch,2024,1h 39m,5.6,13K
8. Smile 2,2024,2h 7m,6.8,85K
9. Speak No Evil,2024,1h 50m,6.8,83K
10. The Damned,2024,1h 29m,5.9,1.8K
11. Beetlejuice Beetlejuice,2024,1h 45m,6.7,135K
12. Get Away,2024,1h 26m,5.3,4.3K
13. Kinds of Kindness,2024,2h 44m,6.5,54K
14. Abigail,2024,1h 49m,6.6,89K
15. Terrifier 3,2024,2h 5m,6.4,44K
16. A Quiet Place: Day One,2024,1h 39m,6.3,138K
17. Trap,2024,1h 45m,5.9,122K
18. Werewolves,2024,1h 33m,4.4,4.8K
19. I Saw the TV Glow,2024,1h 40m,5.8,32K
20. MaXXXine,2024,1h 43m,6.3,62K
21. The Watchers,2024,1h 42m,5.7,52K
22. Oddity,2024,1h 38m,6.7,36K
23. The Crow,2024,1h 51m,4.7,29K
24. Grafted,2024,1h 36m,5.8,470
25. Don't Move,2024,1h 32m,5.8,35K
26. Azrael,2024,1h 26m,5.4,8.7K
27. Hellboy: The Crooked Man,2024,1h 39m,4.5,11K
28. Cuckoo,2024,1h 42m,5.7,22K
29. Y2K,2024,1h 31m,4.9,8.4K
30. Arcadian,2024,1h 32m,5.5,21K
31. Apartment 7A,2024,1h 47m,5.8,14K
32. Immaculate,2024,1h 29m,5.8,50K
33. Salem's Lot,2024,1h 54m,5.6,31K
34. The First Omen,2024,1h 59m,6.5,61K
35. Apocalypse Z: The Beginning of the End,2024,1h 57m,6.1,18K
36. In a Violent Nature,2024,1h 34m,5.6,24K
37. The Front Room,2024,1h 34m,4.6,4.6K
"38. Die, My Love",2024,N/A,N/A,N/A
39. MadS,2024,1h 29m,6.4,5.9K
40. Exhuma,2024,2h 14m,6.9,21K
41. Your Monster,2024,1h 43m,6.4,3.8K
42. Time Cut,2024,1h 31m,5.0,17K
43. Afraid,2024,1h 24m,5.2,12K
44. Never Let Go,2024,1h 41m,5.4,12K
45. The Deliverance,2024,1h 52m,5.1,21K
46. Year 10,2024,1h 36m,5.4,1.6K
47. Outbreak,2024,1h 28m,4.5,622
48. Tarot,2024,1h 32m,4.8,30K
49. Winnie-the-Pooh: Blood and Honey 2,2024,1h 33m,4.7,11K
50. The Platform 2,2024,1h 39m,4.9,37K
51. The Strangers: Chapter 1,2024,1h 31m,4.6,21K
52. The Devil's Bath,2024,2h 1m,6.6,5.2K
53. The Exorcism,2024,1h 35m,4.2,11K
54. Bagman,2024,1h 33m,4.7,3.6K
55. Under Paris,2024,1h 44m,5.2,35K
56. Lisa Frankenstein,2024,1h 41m,6.1,27K
57. Bloody Axe Wound,2024,1h 23m,4.9,317
58. Stree 2: Sarkate Ka Aatank,2024,2h 27m,7.0,40K
59. Succubus,2024,1h 43m,4.6,1K
60. You Shall Not Sleep Tonight,2024,1h 17m,4.2,235
61. The Beast Within,2024,1h 37m,4.2,4.1K
62. The Inheritance,2024,1h 25m,4.7,2.5K
63. A Sacrifice,2024,1h 34m,5.1,4.7K
64. Stream,2024,2h 3m,5.5,5.7K
65. Sting,2024,1h 31m,5.7,15K
66. Hold Your Breath,2024,1h 34m,5.3,7.9K
67. Rumours,2024,1h 44m,5.1,3.5K
68. Night Swim,2024,1h 38m,4.7,26K
69. Daddy's Head,2024,1h 32m,5.6,4.1K
70. Die Alone,2024,1h 31m,5.7,2.1K
71. V/H/S/Beyond,2024,1h 54m,5.9,8.5K
72. Bhool Bhulaiyaa 3,2024,2h 38m,4.7,76K
73. Something in the Water,2024,1h 26m,4.1,4K
74. Pedro Páramo,2024,2h 10m,6.3,2.6K
75. River of Blood,2024,1h 26m,4.1,207
76. The Rule of Jenny Pen,2024,1h 43m,6.7,167
77. You Can't Run Forever,2024,1h 42m,4.5,4K
78. Bramayugam,2024,2h 19m,7.8,13K
79. Imaginary,2024,1h 44m,4.7,16K
80. Outside,2024,2h 22m,5.1,4.2K
81. Munjya,2024,2h 3m,6.3,24K
82. Love Me Dead,2024,1h 27m,7.3,18
83. Spin the Bottle,2024,2h 4m,3.5,763
84. The Mouse Trap,2024,1h 20m,2.5,2.7K
85. What Lurks Beneath,2024,1h 42m,4.6,715
86. Out Come the Wolves,2024,1h 26m,4.7,1.3K
87. #AMFAD: All My Friends Are Dead,2024,1h 31m,4.5,1.1K
88. The Soul Eater,2024,1h 48m,5.9,2.1K
89. Humane,2024,1h 33m,5.5,6.1K
90. The Little Mermaid,2024,R,5.1,74
91. DarkGame,2024,1h 40m,4.6,2.7K
92. The Radleys,2024,1h 55m,5.0,2.3K
93. Lowlifes,2024,1h 30m,6.2,5.8K
94. Blackwater Lane,2024,1h 48m,4.5,1.5K
95. Shaitaan,2024,2h 12m,6.5,53K
96. Handling the Undead,2024,1h 37m,5.4,4K
97. Anaconda,2024,1h 24m,4.8,569
98. The Painted,2024,1h 25m,5.0,129
99. Lembayung,2024,2h 3m,6.4,580
100. Crescent City,2024,1h 43m,3.9,1.2K
101. Dan Da Dan: First Encounter,2024,1h 23m,8.2,2.3K
102. Little Bites,2024,1h 45m,4.5,768
103. The Last Breath,2024,1h 36m,4.7,1.7K
104. Invasive,2024,1h 37m,5.8,563
105. Dark Match,2024,1h 34m,6.1,137
106. Shell,2024,1h 40m,6.6,59
107. Killer Body Count,2024,1h 49m,4.8,588
108. Conjuring the Cult,2024,1h 33m,5.3,527
109. Shelby Oaks,2024,1h 39m,6.0,220
110. Things Will Be Different,2024,1h 42m,5.2,1.6K
111. The Balconettes,2024,1h 44m,6.3,601
112. Black Cab,2024,1h 28m,4.2,1.5K
113. Cadi,2024,2h 14m,6.4,4K
114. We Bury the Dead,2024,N/A,7.4,47
115. Mr. Crocket,2024,1h 28m,5.4,4.2K
116. House of Spoils,2024,1h 41m,5.0,3.5K
117. The Dead Thing,2024,1h 34m,6.0,70
118. Swap,2024,1h 26m,3.0,286
119. Frankie Freako,2024,1h 25m,5.6,947
120. Street Trash,2024,1h 25m,4.4,584
121. Chime,2024,45m,6.4,1.9K
122. Krazy House,2024,1h 29m,4.9,1.3K
123. Desert Fiends,2024,N/A,8.3,252
124. Angels Fallen: Warriors of Peace,2024,1h 43m,5.0,5.7K
125. Mom,2024,1h 35m,5.1,72
126. Carved,2024,1h 35m,4.4,2.6K
127. Crispy,2024,1h 16m,2.8,39
128. Witch,2024,1h 47m,5.1,1.4K
129. Bystanders,2024,1h 22m,5.1,58
130. Cloud,2024,2h 3m,6.4,688
131. Life of Belle,2024,1h 13m,5.1,575
132. Devon,2024,1h 12m,2.6,260
133. Here After,2024,1h 33m,4.1,1.2K
134. Monster on a Plane,2024,1h 28m,3.4,777
135. Beezel,2024,1h 21m,4.8,1.1K
136. Spiders on a Plane,2024,1h 18m,6.2,340
137. Lizzie Lazarus,2024,1h 31m,4.4,55
138. Milk & Serial,2024,1h 2m,6.6,2.2K
139. Grave Torture,2024,1h 57m,6.2,2.6K
140. Uninvited,2024,1h 33m,7.2,64
141. Crackcoon,2024,1h 28m,3.7,359
142. The Curse of the Necklace,2024,1h 39m,4.5,847
143. The Witch: Revenge,2024,1h 40m,5.3,666
144. #MissingCouple,2024,1h 33m,5.4,350
145. Death Whisperer 2,2024,1h 50m,7.1,593
146. I Don't Understand You,2024,1h 36m,7.0,63
147. The Wailing,2024,1h 47m,6.5,348
148. Witchboard,2024,1h 55m,7.5,79
149. Its Name Was Mormo,2024,1h 33m,4.7,79
150. Rippy,2024,1h 23m,4.1,734
151. Cinderella's Revenge,2024,1h 25m,3.7,970
152. The Naughty List of Mr. Scrooge,2024,1h 30m,4.7,149
153. Hide N Seek,2024,2h 14m,9.0,2.1K
154. Hell Hole,2024,1h 32m,4.5,1.2K
155. The Monster Beneath Us,2024,1h 43m,6.3,46
156. Freelance,2024,1h 50m,N/A,N/A
157. Ick,2024,1h 27m,5.5,176
158. Cinderella's Curse,2024,1h 22m,3.3,1.2K
159. Please Don't Feed the Children,2024,1h 34m,5.8,54
160. Bloodline Killer,2024,1h 45m,3.8,4.3K
161. Bureau 749,2024,2h 3m,4.3,447
162. Latency,2024,1h 34m,4.2,1.6K
163. Operation Blood Hunt,2024,1h 33m,3.3,382
164. Queen of Bones,2024,1h 30m,7.1,55
165. Chateau,2024,1h 23m,3.9,202
166. Terminator: Skynet Rising,2024,1h 28m,6.9,247
167. Dead Talents Society,2024,1h 45m,7.5,578
168. Salsa,2024,1h 40m,6.0,148
169. Hunters on a White Field,2024,1h 40m,5.0,413
170. We Are Wolves,2024,1h 37m,3.6,238
171. Bogieville,2024,1h 48m,5.8,318
172. Model House,2024,1h 25m,4.0,1K
173. Goldilocks and the Three Bears: Death and Porridge,2024,1h 23m,2.5,1.3K
174. 1978,2024,1h 16m,5.7,112
175. Festival of the Living Dead,2024,1h 28m,4.3,589
176. The Corpse Washer,2024,1h 47m,6.2,1K
177. Hauntology,2024,1h 43m,3.7,276
178. Mononoke the Movie: The Phantom in the Rain,2024,1h 29m,6.8,945
179. Dead Mail,2024,1h 46m,6.7,266
180. 12 to Midnight,2024,1h 36m,3.6,239
181. Turno Nocturno,2024,1h 47m,5.8,216
182. Haunt Season,2024,1h 21m,4.9,686
183. Animale,2024,1h 38m,6.3,185
184. Do Not Enter,2024,1h 25m,5.3,459
185. Remnant,2024,1h 52m,2.6,295
186. Kromoleo,2024,1h 20m,4.2,154
187. Cora,2024,1h 40m,4.8,742
188. Sumala,2024,1h 53m,6.0,160
189. Staycation,2024,1h 34m,7.6,82
190. Panggonan Wingit 2: Miss K,2024,1h 43m,7.2,54
191. The Bunker,2024,1h 32m,7.2,34
192. Horny Teenagers Must Die!,2024,1h 24m,3.2,221
193. Sunrise,2024,1h 33m,3.8,929
194. Handsome Guys,2024,1h 41m,6.5,578
195. Thaghut,2024,1h 42m,6.0,196
196. Swoon,2024,1h 23m,N/A,N/A
197. Bad Fish,2024,1h 24m,3.4,253
198. Curse of the Sin Eater,2024,1h 30m,4.9,597
199. The Hangman,2024,1h 32m,3.3,953
200. Devil's Knight,2024,1h 30m,5.4,712
201. Went Up the Hill,2024,1h 40m,7.0,69
202. La damnée,2024,1h 20m,6.4,85
203. Mutants of Nature Cove,2024,1h 28m,3.6,139
204. People in the Walls,2024,1h 33m,3.2,17
205. Drive Back,2024,1h 34m,4.9,234
206. The Demon Disorder,2024,1h 26m,4.8,1.2K
207. Skill House,2024,N/A,N/A,N/A
208. Chainsaws Were Singing,2024,1h 57m,7.2,297
209. Good Neighbours,2024,1h 24m,3.2,143
210. Sayuri,2024,1h 48m,6.4,188
211. Succubus,2024,1h 36m,3.5,783
212. I'll Play Mother,2024,1h 48m,5.1,48
213. Bag of Lies,2024,1h 36m,3.8,545
214. Killer Influence,2024,1h 24m,2.9,226
215. 404 Run Run,2024,1h 44m,6.4,101
216. 9 Windows,2024,1h 22m,3.5,274
217. Are You There?,2024,1h 28m,N/A,N/A
218. The Girl in the Trunk,2024,1h 30m,3.3,321
219. Another Cabin in the Woods Movie,2024,1h 17m,5.2,125
220. Nokturno,2024,1h 39m,3.6,180
221. Room Service,2024,47m,3.8,274
222. Sattam En Kaiyil,2024,2h 4m,8.0,2.1K
223. Kalinga,2024,1h 56m,7.9,7.5K
224. Last Stop: Rocafort St.,2024,1h 29m,4.2,370
225. Riders,2024,1h 45m,6.7,365
226. Down Below,2024,1h 33m,6.1,68
227. Siccin 7,2024,1h 34m,4.1,825
228. Destroy All Neighbors,2024,1h 25m,5.3,2K
229. Heresy,2024,1h 1m,7.0,230
230. The Girl Who Wasn't Dead,2024,1h 26m,5.3,103
231. How to Make a Werewolf,2024,16+,6.4,71
232. Strange Frequencies: Taiwan Killer Hospital,2024,1h 31m,8.1,30
233. Death Streamer,2024,1h 12m,3.0,211
234. Kang Mak,2024,2h 2m,6.5,577
235. Devils Stay,2024,1h 35m,5.0,144
236. Mother Father Sister Brother Frank,2024,1h 25m,7.7,86
237. Butchers Book Two: Raghorn,2024,1h 28m,4.0,476
238. Baby Invasion,2024,1h 20m,5.5,47
239. Desert Road,2024,1h 30m,6.7,149
240. Camp Pleasant Lake,2024,1h 30m,3.3,2.3K
241. Seven Cemeteries,2024,1h 24m,4.5,445
242. Z-Mom,2024,1h 30m,4.6,42
243. American Werewolf,2024,1h 7m,3.0,90
244. Parvulos,2024,1h 59m,6.7,273
245. Listen Carefully,2024,1h 21m,3.5,115
246. Consumed,2024,1h 29m,3.7,542
247. Dracula: The Count's Kin,2024,N/A,5.5,36
248. Rerouting,2024,1h 26m,7.0,141
249. Horror in the High Desert 3: Firewatch,2024,1h 28m,5.4,642
250. Dominion of Darkness,2024,1h 36m,6.5,475
251. Believer,2024,1h 48m,4.6,267
252. Cocaine Werewolf,2024,1h 20m,2.2,284
253. Spithood,2024,58m,5.7,1K
254. A Desert,2024,1h 43m,6.3,140
255. Behave,2024,1h 28m,3.1,121
256. Aiden,2024,1h 14m,2.7,107
257. Slay,2024,1h 39m,6.5,969
258. Paranoia,2024,1h 35m,4.1,333
259. Haze,2024,1h 16m,7.1,41
260. Peripheral,2024,1h 28m,9.1,15
261. The Vampire Next Door,2024,1h 50m,4.6,721
262. From Darkness,2024,1h 35m,5.0,517
263. Blood Star,2024,1h 37m,5.8,145
264. Pigman,2024,N/A,3.4,49
265. The Yorkie Werewolf,2024,N/A,6.9,19
266. The Hunted,2024,1h 34m,5.1,338
267. Cellphone,2024,1h 28m,3.1,620
268. Santet Segoro Pitu,2024,1h 34m,7.0,100
269. Sakaratul Maut,2024,1h 47m,5.6,113
270. Kakuda,2024,1h 56m,5.3,6.3K
271. Bone Lake,2024,1h 34m,7.0,35
272. Invited,2024,1h 11m,5.4,153
273. Do Not Open,2024,1h 31m,2.5,235
274. Do You See What I See,2024,1h 49m,5.4,564
275. Ship of the Damned,2024,1h 28m,2.8,274
276. Las Tias,2024,1h 27m,4.7,206
277. The Book of the Witch,2024,1h 13m,6.1,62
278. Dagr,2024,1h 17m,4.1,2.3K
279. Rita,2024,1h 47m,5.8,223
280. I Joined a Cult,2024,N/A,5.0,46
281. Somnium,2024,1h 32m,8.6,38
282. Alien Country,2024,1h 36m,4.4,331
283. Salve Maria,2024,1h 51m,6.9,137
284. Go Away,2024,N/A,4.5,112
"285. Hemet, or the Landlady Don't Drink Tea",2024,1h 29m,4.4,65
286. Heretics,2024,1h 23m,5.8,26
287. The Vord,2024,1h 41m,4.0,47
288. Cursed,2024,1h 21m,4.2,119
289. Monster Mash,2024,1h 25m,3.6,387
290. Orang Ikan,2024,1h 23m,6.5,28
291. Demonte Colony 2,2024,2h 24m,6.6,4.3K
292. The Windigo,2024,1h 25m,5.3,576
293. A Mother's Embrace,2024,1h 30m,5.7,499
294. Aranmanai 4,2024,2h 28m,5.0,2.3K
295. History of Evil,2024,1h 38m,3.4,798
296. I Saw Black Clouds,2024,1h 19m,4.2,18
297. Carnage for Christmas,2024,1h 9m,4.5,320
298. Amityville: Where the Echo Lives,2024,1h 29m,1.6,225
299. Seeds,2024,1h 22m,6.6,51
300. In Our Blood,2024,1h 29m,7.0,31
301. Lumina,2024,2h,2.1,552
302. Mummy Shark,2024,N/A,3.1,70
303. Death's Sonata,2024,1h 43m,7.7,205
304. Stupid Games,2024,1h 26m,4.0,282
305. Vina: Before 7 Days,2024,1h 40m,5.3,543
306. Clickbait: Unfollowed,2024,1h 30m,4.9,541
307. Ghost Game,2024,1h 26m,3.4,256
308. Crust,2024,1h 42m,6.1,196
309. The Moogai,2024,1h 26m,5.6,127
310. Territory,2024,1h 33m,5.0,23
311. My Redneck Neighbor: Chapter 2 - Let the Games Begin,2024,55m,N/A,N/A
312. Test Screening,2024,1h 32m,6.8,55
313. Scared to Death,2024,1h 38m,6.0,13
314. Broken Bird,2024,1h 39m,6.2,102
315. Winter Island,2024,1h 42m,4.7,139
316. Family,2024,1h 35m,7.8,27
317. Pater Noster and the Mission of Light,2024,Not Rated,8.4,99
318. Dancing Village: The Curse Begins,2024,2h 2m,5.7,4.1K
319. Else,2024,1h 40m,6.2,205
320. The Family Business,2024,1h 29m,9.6,11
321. Space Sharks,2024,1h 10m,1.5,297
322. Feet of Death,2024,1h 46m,3.9,206
323. Last Night at Terrace Lanes,2024,1h 15m,4.3,583
324. Wake,2024,1h 25m,3.4,254
325. Whisper of the Witch,2024,1h 35m,3.9,307
326. Camp Blood: Clown Shark,2024,1h 10m,3.3,67
327. Grotesque 2,2024,N/A,6.6,349
328. Drained,2024,N/A,N/A,N/A
329. Suckers,2024,1h 7m,3.3,96
330. Spirit Whisker: The Revenant,2024,1h 49m,5.7,29
331. They Turned Us Into Killers,2024,1h 26m,2.9,237
332. Amp House Massacre,2024,1h 20m,3.8,147
333. Bury Your Dead,2024,2h 8m,5.3,72
334. Buzz House: The Movie,2024,1h 33m,3.2,1.1K
335. 200KG Vampire,2024,1h 33m,5.7,22
336. Operation Undead,2024,1h 50m,4.7,293
337. Mr. Sandman,2024,47m,6.2,11
338. The Beldham,2024,N/A,6.4,28
339. Texas Cult House,2024,N/A,8.2,19
340. Sorop,2024,1h 43m,6.7,45
341. The Last Nightmare Part One,2024,50m,6.1,65
342. For Sale,2024,1h 55m,4.9,644
343. Campton Manor,2024,1h 23m,3.4,209
344. The Jack in the Box Rises,2024,1h 32m,4.1,747
345. House on Haunted Hill,2024,N/A,3.4,11
346. Skeletons in the Closet,2024,1h 32m,3.0,543
347. A Stranger in the Woods,2024,1h 24m,4.1,458
348. Dead Whisper,2024,1h 28m,3.9,527
349. The Severed Sun,2024,N/A,6.4,30
350. Wineville,2024,1h 40m,4.5,201
351. Jhamkudi,2024,2h 31m,6.7,965
352. Deadly Culture: Final Mutation,2024,1h 9m,2.3,42
353. H. P. Lovecraft's the Old Ones,2024,1h 24m,3.7,347
354. A yard of jackals,2024,1h 48m,7.4,26
355. Kemah Terlarang: Kesurupan Massal,2024,1h 52m,7.7,80
356. He Sees You When You're Sleeping,2024,1h 23m,4.2,138
357. The Beast Inside,2024,N/A,7.4,22
358. Thine Ears Shall Bleed,2024,1h 42m,6.0,767
359. Witch Hunter,2024,1h 20m,4.4,17
360. Don't Open the Door,2024,1h 27m,6.6,8.4K
361. Neulbomgadeun,2024,1h 30m,4.7,78
362. The Omicron Killer,2024,1h 38m,3.0,583
363. Visher,2024,1h 5m,4.2,342
364. Perewangan,2024,1h 49m,6.5,48
365. Christmas Slasher,2024,N/A,N/A,N/A
366. The Blackwell Ghost 8,2024,1h 9m,6.1,351
367. The Devil's Disciples,2024,1h 22m,8.7,27
"368. Silent Night, Bloody Night 3: Descent",2024,1h 40m,4.9,82
369. Murderfest,2024,1h 22m,3.3,211
370. Ouija Castle,2024,N/A,3.5,84
371. Till Death Do Us Part,2024,1h 48m,6.3,245
372. Possession: Kerasukan,2024,1h 34m,3.4,254
373. Scurry,2024,1h 30m,7.6,18
374. Air Fryer Slaughter,2024,1h 30m,7.6,291
375. The Hereditary,2024,N/A,N/A,N/A
376. The Legend of Lake Hollow,2024,1h 28m,3.7,464
377. The Girl Who Cried Her Eyes Out,2024,1h 34m,4.2,645
378. Silent Bite,2024,1h 30m,3.7,425
379. Munkar,2024,1h 27m,5.2,444
380. Graveyard Shark,2024,1h 37m,3.2,190
381. Salem Witch Doll,2024,1h 16m,2.7,109
382. Possessions,2024,1h 29m,3.8,832
383. The Summer We Died,2024,1h 13m,5.4,372
384. Killington,2024,1h 27m,2.8,146
385. Oculus,2024,1h 53m,5.2,12
386. Halloween: Season of the Boogeyman,2024,N/A,8.2,25
387. Ghost Killer,2024,1h 53m,7.2,44
388. Anatema,2024,1h 31m,3.8,35
389. Night Harvest,2024,N/A,4.6,50
390. Jangan Pandang Belakang 2: Aku Tahu Asal Usulmu,2024,1h 44m,5.4,39
391. The Night Curse of Reatrei,2024,1h 35m,6.2,104
392. The Prodigy,2024,1h 23m,5.4,19
393. The Seductress from Hell,2024,1h 42m,7.4,11
394. Tebusan Dosa,2024,1h 56m,7.2,44
395. Espantaho,2024,1h 30m,5.8,28
396. Granny,2024,40m,N/A,N/A
397. A Halloween Feast,2024,1h 43m,5.4,766
398. The Devil's Teardrop,2024,N/A,N/A,N/A
399. Lord of Wolves,2024,1h 27m,3.4,128
400. Solvent,2024,N/A,7.9,294
401. Daft State,2024,18+,6.5,36
402. Mountain Shark,2024,1h 21m,5.2,80
403. Hunter of the Night,2024,1h 30m,6.9,34
404. Gacy: Serial Killer Next Door,2024,1h 37m,3.2,462
405. House of Ashes,2024,N/A,7.8,12
406. The Sisters,2024,2h 2m,4.9,125
407. Tenants,2024,1h 34m,5.9,73
408. Vampire Lake,2024,N/A,5.4,112
409. Huntress,2024,1h 17m,2.7,70
410. Jurassic Triangle,2024,1h 24m,2.5,269
"411. Spider Baby, or The Maddest Story Ever Told",2024,1h 12m,5.3,73
412. No Voltees,2024,1h 34m,5.5,193
413. Bhairadevi,2024,2h 14m,8.7,36
414. Members Club,2024,1h 30m,4.7,139
415. Akh,2024,2h 17m,6.0,89
416. The Vampire and the Vigilante,2024,1h 15m,3.2,33
417. Sea of Madness,2024,1h 33m,8.1,18
418. Welcome Week: A College Horror Anthology,2024,1h 38m,4.1,100
419. The McKinney Family Home Videos,2024,1h 8m,6.1,8
420. Scared Shitless,2024,1h 16m,6.1,201
421. Quadrant,2024,1h 13m,4.3,126
422. Mona: Jinn-2,2024,2h 4m,4.1,115
423. The Last Chainsaw Massacre,2024,1h 15m,3.8,32
424. Followers,2024,1h 14m,3.8,231
425. Shark Island,2024,1h 21m,3.9,101
426. Valari,2024,2h 15m,8.1,2.6K
427. Manipula,2024,1h 34m,7.7,19
428. L'orto americano,2024,1h 47m,6.0,44
429. Fright,2024,1h 21m,7.2,43
430. Nosferatu: A Symphony of Horror - Audio Score by idiedtrying.,2024,1h 34m,6.8,5
431. Alyad Palyad,2024,2h 9m,7.4,1.2K
432. Kuyang,2024,1h 37m,5.2,431
433. Yuanyang Lou,2024,N/A,3.3,12
434. Frewaka,2024,1h 43m,6.3,112
435. Agrinai,2024,1h 33m,8.0,63
436. Hunting Matthew Nichols,2024,1h 36m,9.1,40
437. Bring on the Damned!,2024,1h 54m,N/A,N/A
438. Rambut Kafan,2024,1h 38m,5.7,48
439. Weekend Deadaway,2024,N/A,5.2,66
440. Saint Catherine,2024,1h 26m,7.3,18
441. The Girl Who Wore Yellow Lace,2024,1h 22m,N/A,N/A
442. Camp Blood 9: Bride of Blood,2024,N/A,7.2,286
443. Ronggeng Kematian,2024,1h 38m,5.4,131
444. Pusaka,2024,1h 30m,6.5,26
445. Deadbolt,2024,1h 23m,4.6,308
446. Jugaremos en el bosque,2024,1h 30m,5.0,75
447. Trizombie,2024,1h 22m,7.2,54
448. Bloody Ishq,2024,2h 18m,2.9,2.2K
449. Passages of Nexus,2024,1h 48m,6.2,157
450. Pee Nak 4,2024,1h 55m,4.8,391
451. Lost Angels,2024,1h 36m,7.0,7
452. I Left My Heart in Colombia,2024,N/A,9.2,388
453. Unnatural,2024,1h 44m,5.5,63
454. The Boys,2024,2h 11m,4.8,134
455. The House on Laura Anne Dr.,2024,1h 15m,4.5,638
456. Jimmy,2024,1h 25m,4.1,193
457. The Cellar,2024,1h 25m,6.3,143
458. Flesh of the Unforgiven,2024,1h 28m,9.2,31
459. Camp Terror,2024,1h 50m,4.5,31
460. The Train of Death,2024,1h 43m,4.7,612
461. Petak Umpet,2024,1h 24m,6.2,16
462. Dosen Ghaib: It's Nighttime or You Already Know,2024,1h 34m,4.3,188
463. Butchers Book Three: Bonesaw,2024,1h 47m,5.6,39
464. The Apocalypse Box,2024,1h 26m,3.3,222
465. Tenement,2024,1h 28m,5.2,81
466. The Last Stand,2024,N/A,N/A,N/A
467. Pasahero,2024,2h,7.1,13
468. Ladybug,2024,1h 47m,4.9,26
469. What Happened to Suzy,2024,1h 34m,7.2,28
470. 4:44 : Time of Fear,2024,44m,N/A,N/A
471. Nearing Death,2024,1h 36m,5.7,280
472. Sam and Colby: The Legends of the Paranormal,2024,1h 38m,4.5,290
473. In the Room Where He Waits,2024,1h 23m,5.2,61
474. Ripper Revealed,2024,1h 10m,6.3,61
475. The Deserving,2024,N/A,8.2,61
476. Bigfoot,2024,N/A,5.7,21
477. Bigfoot Exorcist,2024,1h 10m,2.8,206
478. Cara,2024,1h 36m,7.2,16
479. Bloody Trip: The Equinox Killer,2024,1h 20m,4.9,67
480. Séance,2024,1h 25m,N/A,N/A
481. Hu Die Da Shia,2024,1h 42m,5.2,16
482. Don't Break the Rules,2024,1h 37m,2.8,43
483. Agapouse ta louloudia perissotero,2024,1h 26m,5.2,146
484. Roxana,2024,1h 38m,4.0,57
485. Curse of the Naked Ghost Hunters,2024,35m,4.5,9
486. Marni: The Story of Wewe Gombel,2024,1h 59m,6.0,166
487. The North Witch,2024,1h 20m,4.2,6
488. Replicator,2024,N/A,7.5,17
489. Strange Harvest: Occult Murder in the Inland Empire,2024,1h 34m,6.2,54
490. Silence of the Prey,2024,1h 37m,3.9,282
491. Tantra,2024,2h 16m,5.5,2.3K
492. Obayifo Project,2024,1h 11m,7.2,88
493. Name the Demon,2024,1h 17m,3.5,144
494. Paku Tanah Jawa,2024,1h 40m,5.3,95
495. Virgo,2024,1h 27m,7.0,44
496. Äkta skräck,2024,1h 32m,4.5,173
497. H.P. Lovecraft's the Shadow Over Innsmouth,2024,N/A,8.0,9
498. The New Purge,2024,N/A,N/A,N/A
499. Ghost Island,2024,1h 35m,7.0,37
500. Coven of the Black Cube,2024,1h 37m,8.2,16
501. Director's Cut,2024,1h 30m,7.8,71
502. In Tenebras: Into the Darkness,2024,1h 30m,6.1,134
503. Killjoy: Terrify,2024,N/A,N/A,N/A
504. In the Belly of a Tiger,2024,1h 31m,7.8,47
505. Five Friends,2024,1h 52m,6.8,751
506. The Ghost,2024,1h 32m,7.5,68
507. Tragic Waste,2024,1h 17m,8.3,74
508. All Hallows' Eve: Inferno,2024,1h 14m,4.7,108
509. .ask,2024,N/A,7.6,10
510. Possession Street,2024,1h 36m,6.6,19
511. The Backrooms,2024,1h 3m,N/A,N/A
512. The Cursed,2024,1h 37m,5.0,108
513. Are You Dead Yet?,2024,N/A,N/A,N/A
514. Neon Fear,2024,40m,6.0,321
515. Severance Mountain,2024,1h 14m,4.6,12
516. From Within,2024,N/A,N/A,N/A
517. Run!,2024,1h 26m,3.6,95
518. My Boo,2024,2h 5m,6.1,608
519. Tu Sangre,2024,1h 21m,4.7,35
520. Dr. Sander's Sleep Cure,2024,1h 38m,N/A,N/A
521. Blood Mountain Massacre,2024,1h 29m,5.8,26
522. Take Good Care,2024,N/A,N/A,N/A
523. Choke,2024,1h 38m,8.5,16
524. Grayson's Encounter,2024,1h 10m,7.2,21
525. Temurun,2024,1h 25m,4.6,289
526. Guna Guna Istri Muda,2024,1h 38m,6.2,21
527. Angel with a Gun,2024,N/A,N/A,N/A
528. (Pri)sons,2024,1h 40m,5.2,203
529. Betting with Ghost,2024,1h 52m,7.0,39
530. THEDÆMON,2024,1h 27m,6.9,36
531. Bloody Bridget,2024,1h 21m,7.0,52
"532. Nanay, tatay",2024,2h,8.4,26
533. Cadet,2024,2h 3m,7.4,16
534. Karkhanu,2024,N/A,9.0,51
535. Üç Harfliler: Nazar,2024,1h 34m,5.8,60
536. Invader,2024,1h 10m,5.8,40
537. Hutang Nyawa,2024,1h 40m,6.7,51
538. Water Horse,2024,1h 25m,5.9,228
539. Art of a Hit,2024,1h 33m,4.2,196
540. Effigy,2024,1h 18m,2.9,246
541. Claws,2024,1h 36m,N/A,N/A
542. Mystic Singer,2024,1h 36m,4.9,222
543. In the Name of God,2024,1h 29m,5.2,149
544. The Haunting of Cottonwood,2024,N/A,7.9,14
545. Unknown Caller,2024,1h 3m,5.2,14
546. The Fetch,2024,N/A,8.4,32
547. Slashercise,2024,58m,6.0,10
548. The Deadly Swarm,2024,1h 21m,2.5,177
549. The Best of Me,2024,1h 29m,N/A,N/A
550. Nyctophobia,2024,1h 30m,7.7,1.7K
551. Oye Bhootni Ke,2024,N/A,8.1,14
552. A Wedding Story,2024,1h 50m,5.3,2.2K
553. Pacific Fear,2024,1h 25m,3.4,152
554. Final Girl: Halloween,2024,1h 25m,4.6,97
555. Advent,2024,N/A,4.8,12
556. Blackest Darkness,2024,1h 16m,5.5,72
557. Mannequin,2024,N/A,5.7,103
558. Book of the Dead,2024,1h 30m,5.7,63
559. Pesadilla,2024,1h 52m,7.6,18
560. The Ceremony Is About to Begin,2024,1h 10m,6.1,32
561. Night Talkers,2024,1h 29m,7.8,5
562. Poison Sangga: The Homewrecker's Curse,2024,1h 58m,7.5,96
563. A Cold Grave,2024,N/A,3.5,264
564. Horror-Scopes: Volume Two,2024,1h 28m,8.4,17
565. The Captives,2024,1h 13m,3.5,59
566. Cisza nocna,2024,1h 52m,6.0,93
567. Protein,2024,1h 40m,6.7,54
568. Black Spines,2024,1h 40m,7.9,14
569. Gnome Sick: 7 Slays Til Mithras,2024,N/A,N/A,N/A
570. The Gatekeeper,2024,1h 37m,5.2,17
571. Maya,2024,1h 48m,N/A,N/A
572. Pins & Needles,2024,N/A,N/A,N/A
573. Sapien,2024,1h 44m,2.4,73
574. Who's Watching,2024,N/A,8.4,10
575. Deadly Culture: Species X,2024,1h 11m,2.7,45
576. The Bad Nun 3,2024,1h 12m,3.0,263
577. Tide,2024,1h 22m,4.0,106
578. Jeonde Raho Bhoot Ji,2024,1h 52m,5.3,134
579. P2,2024,1h 45m,3.8,7
580. Halloween: The Hunt of Michael Myers,2024,1h 21m,8.0,10
581. Traumatika,2024,1h 27m,5.6,52
582. Chithini,2024,2h 31m,6.9,547
583. Vampire Zombies... From Space!,2024,1h 38m,7.7,52
584. This Never Happened,2024,1h 30m,4.8,355
585. Vertical,2024,1h 51m,5.3,94
586. Kifn,2024,1h 40m,7.4,655
587. Scopophobia,2024,1h 40m,6.4,35
588. 105 Minutes,2024,2h,4.3,2.3K
589. The Hunter's Anthology: The Demon Hunter,2024,2h 6m,5.1,86
590. C202,2024,2h 15m,8.0,2.2K
591. The Box,2024,1h 19m,3.6,66
592. Nyctophobia,2024,1h 17m,2.6,143
593. Anak Perjanjian Syaitan 2,2024,1h 29m,6.6,32
594. Echoes of Crystal Lake: A Friday the 13th Story,2024,3m,7.7,15
595. Night Shoot,2024,1h 38m,5.8,74
596. Jurnal Risa by Risa Saraswati,2024,1h 32m,4.4,241
597. Nightmare in Argus,2024,N/A,N/A,N/A
598. The Camp Host,2024,1h 35m,4.3,283
599. Bangsal Isolasi,2024,1h 16m,4.9,103
600. Spirit Riser,2024,1h 38m,7.0,27
601. Shark Girl,2024,1h 22m,4.9,112
602. Guys at Parties Like It,2024,1h 19m,3.9,158
603. Blood Demons,2024,2h 14m,N/A,N/A
604. Salt along the Tongue,2024,1h 53m,N/A,N/A
605. Clown II,2024,2h 21m,8.1,10
606. The Killgrin,2024,N/A,8.5,6
607. The Stalking,2024,N/A,4.3,17
608. Amityville Turkey Day,2024,1h 34m,2.4,269
609. Alpacalypse,2024,1h 17m,8.8,11
610. The Thing,2024,N/A,N/A,N/A
611. Mandira,2024,2h 1m,6.2,989
612. Elf in the Hood,2024,1h 16m,4.3,11
613. Bhavanam: The Haunted House,2024,2h 19m,7.6,14
614. Boo Main Dargi,2024,N/A,6.5,14
615. The Clock,2024,1h 20m,4.3,13
616. Witches' Well,2024,1h,2.7,67
617. Cholo Zombies,2024,1h 36m,4.7,93
618. The Alien Report,2024,1h 21m,4.5,141
619. Oru Kadha Sollattaa Sir,2024,2h 10m,6.1,41
620. Father's Haunted House,2024,1h 33m,5.9,228
621. Isleen Pines,2024,1h 24m,5.2,530
622. A Haunting in Council House,2024,N/A,5.7,36
623. Idiot Girls and School Ghost: School Anniversary,2024,1h 30m,6.5,21
624. Kryptic,2024,1h 36m,6.4,89
625. Pagpag 24/7,2024,2h 10m,4.5,49
626. My First Year Off Campus,2024,1h 25m,8.7,14
627. Moon Ghost Returns,2024,N/A,6.3,13
628. Sinakagon,2024,1h 55m,7.0,28
629. The Bench,2024,1h 15m,3.7,174
630. Cold Blooded,2024,N/A,4.6,14
631. Park,2024,1h 57m,7.9,375
632. Cursed in Baja,2024,1h 20m,8.8,15
633. An Intruder Among Us,2024,N/A,9.0,9
634. Geethanjali Malli Vachindi,2024,2h 24m,4.9,2.2K
635. Z Zone,2024,1h 23m,7.0,5
636. Sabdham,2024,N/A,N/A,N/A
637. Tsunami Sharks,2024,TV-MA,3.1,33
638. A Most Atrocious Thing,2024,1h 15m,3.8,242
639. Koston enkeli,2024,1h 36m,4.1,20
640. Candlewood,2024,1h 46m,N/A,N/A
641. Holnap meghalok,2024,1h 25m,5.2,59
642. The Coldness,2024,N/A,4.8,25
643. Amityville Bigfoot,2024,1h 28m,3.0,132
644. Massacre at Femur Creek,2024,1h 22m,7.7,326
645. Don't Make a Sound,2024,1h 20m,5.4,11
646. You Shouldn't Have Let Me In,2024,1h 24m,4.0,169
647. Killer Campout Part II,2024,1h 33m,5.8,17
648. Snakeeater,2024,1h 20m,5.8,140
649. Ghosted,2024,50m,N/A,N/A
650. The Epidemic,2024,1h 35m,5.9,67
651. Jason in Indianapolis: A Friday the 13th Tribute,2024,2h,7.2,16
652. Project Dorothy,2024,1h 20m,4.0,3.2K
653. Scream 2,2024,31m,N/A,N/A
654. Lampir,2024,1h 37m,6.0,175
655. The Woods Are Real,2024,1h 20m,2.4,451
656. Talahib,2024,1h 23m,6.1,9
657. Missing Child Videotape,2024,1h 44m,5.8,15
658. Anoko wa Daare?,2024,2h 5m,5.3,51
659. Sengkolo: Malam satu suro,2024,1h 40m,6.4,39
660. The Evil Three,2024,N/A,7.5,782
661. Indelebile,2024,N/A,N/A,N/A
662. Un cuento de pescadores,2024,1h 43m,7.5,34
663. Death Bitch,2024,1h 28m,7.9,16
664. Dogman Territory: Werewolves in the Land Between the Lakes,2024,N/A,5.2,28
665. Kabir Azabi: Insi ve Cinni,2024,1h 25m,4.4,16
666. A Herança,2024,1h 20m,6.3,55
667. Shadows of Bigfoot,2024,N/A,5.2,104
668. Slaughterhouse on the Hill,2024,1h 12m,3.1,118
669. Hellhounds,2024,1h 21m,3.4,165
670. The Alienated,2024,1h 35m,N/A,N/A
671. Final Recovery,2024,N/A,N/A,N/A
672. Body & Soul,2024,N/A,3.2,22
673. El tema del verano,2024,1h 31m,N/A,N/A
674. Jeffrey's Hell,2024,1h 20m,4.7,71
675. Oh My Ghost: The Finale,2024,1h 52m,8.2,25
676. Janji Darah,2024,1h 44m,4.5,123
677. Jinn Chapter 1,2024,46m,7.8,65
678. Touched by Eternity,2024,1h 35m,6.1,21
679. Undying,2024,26m,6.7,13
680. Tumbal Darah,2024,1h 32m,N/A,N/A
681. The Night of the Harvest,2024,2h 6m,4.8,489
682. The Unrighteous,2024,1h 27m,4.6,9
683. The A-Frame,2024,1h 22m,7.3,35
684. Trinil,2024,1h 45m,4.5,328
685. Haunted Universities 3,2024,1h 59m,5.5,286
686. BlackOut,2024,N/A,6.4,12
687. Shark Exorcist 2: Unholy Waters,2024,1h 10m,4.1,80
688. Easter Bloody Easter,2024,1h 43m,3.2,268
689. The Carters,2024,N/A,N/A,N/A
690. Campfire Dead by Dawn,2024,1h 27m,3.0,54
691. Cold Blows the Wind,2024,1h 25m,5.1,349
692. Arctic Hollow,2024,1h 10m,2.3,171
693. Deviant,2024,1h 20m,5.2,30
694. Byte,2024,1h 37m,4.7,99
695. The Mitchin Murders,2024,1h 18m,5.2,61
696. Mulm,2024,1h 38m,6.9,37
697. Thookudurai,2024,2h 5m,4.3,2.3K
698. Blodsuger,2024,1h 34m,N/A,N/A
699. Kutukan Calon Arang,2024,1h 41m,N/A,N/A
700. Wrong Places,2024,1h 33m,2.1,61
701. The Devil Inside Her,2024,N/A,N/A,N/A
702. The After Dark,2024,N/A,N/A,N/A
703. Coffintooth,2024,N/A,N/A,N/A
704. Noseeums,2024,N/A,N/A,N/A
705. Bloody Mary,2024,N/A,N/A,N/A
706. Wild Animal,2024,19m,8.0,11
707. The Occult,2024,N/A,N/A,N/A
708. Old Wounds,2024,1h 49m,8.6,8
709. Erbsünde - Veil of Sin,2024,1h 18m,N/A,N/A
710. Jinxx Presents: The Devil's Vortex,2024,N/A,7.8,40
711. Ma Da: The Drowning Spirit,2024,1h 30m,4.7,176
712. (Iconic),2024,1h 30m,N/A,N/A
713. La Hierba del Diablo,2024,1h 20m,3.8,48
714. Cult of Blood,2024,N/A,5.1,38
715. The Hostage,2024,N/A,7.3,7
716. The Despaired,2024,2h 10m,6.9,30
717. My Zombabe,2024,1h 45m,5.2,71
718. Videotheque,2024,1h 52m,6.4,87
719. The Cursed Land,2024,2h 8m,5.6,266
720. Trope,2024,N/A,4.7,26
721. Dosa Musyrik,2024,1h 32m,6.1,13
722. Voidcaller,2024,1h 25m,6.7,36
723. Vegan,2024,N/A,N/A,N/A
724. Dinner with Leatherface,2024,1h 46m,N/A,N/A
725. Xoftex,2024,1h 39m,6.4,37
726. Beach Chain,2024,N/A,N/A,N/A
727. Chum!,2024,N/A,3.4,64
728. Malee,2024,1h 25m,4.7,6
729. Re:Human,2024,1h 48m,5.7,38
730. Catch a Killer,2024,1h 22m,7.0,6
731. Wanita Ahli Neraka,2024,1h 35m,8.6,44
732. I'm Haunted 2,2024,N/A,5.7,49
733. Once Upon a Time in Amityville,2024,1h 13m,3.5,42
734. Don Dukun,2024,1h 38m,7.0,43
735. Wishes of the Blue Girl,2024,1h 13m,4.4,368
736. Ice Nine Kills Presents: Welcome to Horrorwood,2024,1h 16m,8.4,28
737. Granny Krampus,2024,N/A,2.8,117
738. Huggin Molly,2024,54m,6.0,63
739. Ghatikachalam,2024,N/A,N/A,N/A
740. Blood and Breakfast,2024,1h 24m,7.0,18
741. Amityville Apt.,2024,N/A,2.5,8
742. Inverted,2024,1h 28m,4.3,38
743. The Town Without Halloween,2024,1h 28m,5.6,74
744. The Nexus,2024,N/A,6.6,21
745. Love Me If You Dare,2024,2h 8m,4.3,455
746. Waruga: Kutukan Ilmu Hitam,2024,1h 25m,6.7,27
747. Dooba Dooba,2024,N/A,7.4,5
748. The Frontrooms,2024,1h 14m,3.1,26
749. Dwiju,2024,1h 25m,4.7,14
750. Death Ph.D,2024,1h 47m,2.1,115
751. Watch Them Come Blood,2024,1h 22m,N/A,N/A
752. Winemaker,2024,59m,5.7,19
753. Game of Death - The six Doors to Hell,2024,N/A,N/A,N/A
754. Time of the Witch,2024,1h 31m,7.0,8
755. No Salgas,2024,N/A,N/A,N/A
756. Porcelain,2024,1h 28m,3.8,95
757. Baal,2024,1h 37m,5.3,14
758. Baridegi: The abandoned Girl,2024,1h 47m,3.6,10
759. Devil's Horns,2024,1h 21m,4.2,103
760. Scream: The Fan Favorite,2024,49m,9.5,11
761. Kísértés az erdö mélyén,2024,1h 18m,2.7,75
762. Bloodspawn,2024,1h 16m,N/A,N/A
763. Our Happy Place,2024,1h 30m,N/A,N/A
764. Gen 2,2024,N/A,4.1,12
765. La Chancla Del Diablo,2024,1h 30m,N/A,N/A
766. Biaz: Kara Iyenin Laneti,2024,N/A,8.7,34
767. All We Wanted,2024,1h 43m,3.7,65
768. Peter Rabid,2024,N/A,N/A,N/A
769. Hello Neighbor,2024,N/A,7.9,15
770. Inherit the Witch,2024,1h 25m,3.1,41
771. Grandma,2024,N/A,N/A,N/A
772. Mad Cow Massacre,2024,1h 21m,N/A,N/A
773. Gone with the Dead,2024,1h 36m,5.1,36
774. Slice,2024,1h 15m,4.1,10
775. Bantay-bahay,2024,1h 26m,4.6,13
776. Shoroter Joba,2024,2h 3m,4.5,18
777. Dante's Inferno,2024,N/A,N/A,N/A
778. Appetite for Sin,2024,N/A,5.6,62
779. Exorcism Chronicles: The Beginning,2024,1h 25m,5.7,23
780. Zir-i Cin 3: Cin Dügümü,2024,1h 26m,3.5,20
781. There's a Zombie Outside,2024,1h 15m,8.1,23
782. The Exorcism of Saint Patrick,2024,1h 30m,3.6,145
783. Soul Traveler (The Feature),2024,1h 36m,4.3,18
784. Here and Now,2024,1h 25m,N/A,N/A
785. Tanz der Toten,2024,2h 1m,N/A,N/A
786. Shadows Side,2024,1h 31m,4.4,107
787. The Shadow,2024,1h 30m,6.5,198
788. Sounds Like A Great Project!,2024,1h 15m,N/A,N/A
789. This Man,2024,1h 29m,4.8,19
790. Jimmy and Stiggs,2024,N/A,6.5,24
791. Insane Like Me?,2024,1h 26m,4.4,49
792. Halloween: Mal Eterno,2024,50m,8.5,218
793. Side Effects May Vary,2024,N/A,7.4,35
794. Devil Hunters,2024,2h,8.8,125
795. The Haunted Studio,2024,1h 30m,4.0,144
796. Der Doktor - L'ombra della morte,2024,N/A,6.6,8
797. Dead Talk Tales: Volume I,2024,1h 38m,6.6,26
798. Terror Zone,2024,1h 28m,3.2,7
799. The Containment,2024,N/A,N/A,N/A
800. Séance Games: Metaxu,2024,1h 26m,3.6,127
801. Continente,2024,1h 55m,5.2,45
802. Scary Tales: Dark Walker,2024,N/A,3.4,47
803. Restitution,2024,N/A,4.0,28
804. The Lonely Man with the Ghost Machine,2024,1h 30m,3.0,147
805. Hüddam 4: Ahmer,2024,1h 26m,4.2,36
806. Para Betina Pengikut Iblis: Part 2,2024,1h 30m,4.7,100
807. Pandora,2024,N/A,6.0,14
808. Danyang Mahar Tukar Nyawa,2024,1h 50m,6.5,7
809. Busted Babies,2024,1h 27m,7.4,8
810. Trivial,2024,N/A,6.3,14
811. Lechuza,2024,1h 32m,N/A,N/A
812. Where is My Head?,2024,1h 30m,6.8,79
813. Slave Dolls 2: Red Rooms,2024,N/A,N/A,N/A
814. Death After Dusk,2024,2h 20m,5.1,75
815. Dinosaur Hotel 3,2024,1h 14m,2.8,145
816. Love Bites,2024,N/A,N/A,N/A
817. Anxiety,2024,1h 37m,N/A,N/A
818. The Depths,2024,N/A,N/A,N/A
819. Zim Zim Ala Kazim,2024,1h 40m,5.0,101
820. Asgaar,2024,N/A,9.3,38
821. Blood Dried Hands,2024,1h 55m,5.6,26
822. Jama,2024,1h 11m,6.3,14
823. A Very Flattened Christmas,2024,1h 35m,6.1,33
824. Estela,2024,N/A,8.6,11
825. Creep Encounters,2024,1h 30m,6.4,44
826. The Sin,2024,1h 43m,5.3,307
827. The Inn,2024,N/A,N/A,N/A
828. Day of the Clones,2024,1h 38m,4.1,53
829. Himalaya,2024,1h 25m,3.2,387
830. Noise,2024,1h 35m,N/A,N/A
831. Portraits,2024,1h 22m,5.1,33
832. Trucker,2024,N/A,N/A,N/A
833. Apex Predators 2: The Spawning,2024,1h 10m,5.8,10
834. Horror Stories,2024,N/A,4.5,46
835. Man in the Fields,2024,N/A,6.7,48
836. Respati,2024,1h 52m,5.8,252
837. Malam Keramat,2024,1h 30m,6.3,24
838. Ghost Train,2024,1h 35m,N/A,N/A
839. The Seven Darks,2024,1h 3m,4.3,114
840. Sun,2024,1h 15m,8.2,22
841. Secret Shadow,2024,1h 22m,7.4,16
842. Stereoscope,2024,1h 31m,3.9,53
843. Night Games,2024,1h 39m,5.3,285
844. Domovoy,2024,1h 42m,4.3,281
845. Twelve,2024,N/A,N/A,N/A
846. What Happened to Dorothy Bell?,2024,N/A,N/A,N/A
847. The Gesuidouz,2024,1h 33m,7.0,49
848. Guardian,2024,2h,4.1,655
849. New Year's Absolution,2024,N/A,N/A,N/A
850. Solitude,2024,1h 37m,7.5,22
851. Trolled,2024,1h 20m,4.5,9
852. Vexanthrone,2024,1h 5m,5.6,17
853. Antropophagus Legacy,2024,1h 40m,N/A,N/A
854. The Melon Heads: House of Crow,2024,N/A,7.2,21
855. White Muscle Daddy,2024,2h 15m,N/A,N/A
856. Halloween: Evil Lives,2024,N/A,4.1,67
857. Hillock Haunting,2024,1h 23m,2.8,86
858. Happy Halloween,2024,1h 36m,6.2,19
859. The Damnation,2024,1h 22m,8.6,11
860. The John Perkins Tapes,2024,1h 17m,4.8,9
861. Death Streamer: Noir Version,2024,1h 12m,N/A,N/A
862. Hell Squad 2: Fresh Meat,2024,1h 35m,9.3,18
"863. Rapunzel, El Perro y El Brujo",2024,1h 49m,7.8,21
864. Curtains for Christmas,2024,1h 10m,5.3,64
865. O Clube das Mulheres de Negócios,2024,1h 35m,4.9,64
866. Sankta Lucia,2024,N/A,7.1,25
867. Nûfer,2024,1h 38m,3.9,9
868. Maya,2024,1h 49m,7.0,8
869. Tahoe Joe 2: The Sierra Nevada Bigfoot Conspiracy,2024,1h 14m,5.3,208
870. Man in the Blue Suit,2024,N/A,6.4,9
871. The Geechee Witch: A Boo Hag Story,2024,1h 28m,7.2,13
872. Springsville,2024,N/A,N/A,N/A
873. Amityville AI,2024,N/A,N/A,N/A
874. Haunted by Her Name,2024,1h 30m,2.6,85
875. Treasures of Terror Vol 1,2024,N/A,4.4,14
876. Alone,2024,1h 28m,N/A,N/A
877. The House on Mansfield Street II: Evil Next Door,2024,1h 20m,4.8,68
878. Watch Us Kill,2024,N/A,4.9,21
879. A Gong,2024,1h 47m,N/A,N/A
880. Wieland,2024,N/A,5.7,16
881. The Girl 2,2024,1h 39m,N/A,N/A
882. Garez,2024,N/A,2.8,17
883. The Killers,2024,1h 59m,6.0,47
884. Pasar Setan,2024,1h 36m,6.8,51
885. Custom,2024,1h 16m,6.7,42
886. La cárcel Maldita,2024,1h 27m,N/A,N/A
887. Earworm,2024,1h 41m,2.3,207
888. The Evangelist,2024,N/A,N/A,N/A
889. K. The Butcher Shitter,2024,52m,3.3,19
890. Untitled Footage,2024,N/A,5.8,6
891. Devil,2024,1h 58m,4.5,1.6K
892. Proyecto Fantasma,2024,2h,N/A,N/A
"893. The Haunted, the Possessed and the Damned",2024,N/A,3.8,21
894. Bedtime Stories: Tales of Love and Hate,2024,1h 5m,7.7,13
895. Dr. Jason II - Lights & Shadows,2024,1h 2m,5.4,248
896. Finger Licking,2024,N/A,N/A,N/A
897. Ananya,2024,2h 16m,8.8,878
898. The Final Party,2024,1h 18m,N/A,N/A
899. Dark Chronicles,2024,1h 15m,N/A,N/A
900. The Waves of Madness,2024,N/A,6.4,13
901. Akkada Varu Ikkada Unnaru,2024,1h 43m,9.1,1K
902. Cruel Summer III: Pray for Fall,2024,1h 49m,5.4,10
903. Daemon Mind,2024,1h 41m,4.9,22
904. Red Night at Skye's,2024,1h 22m,N/A,N/A
905. Jurassic Exorcist,2024,1h 16m,3.1,14
906. Murdaritaville,2024,1h 2m,3.3,106
907. Island of the Dolls 2,2024,1h 23m,3.1,143
908. The Elite of Devils,2024,1h 48m,3.7,37
909. Hannas 2,2024,1h 19m,2.7,37
910. What Lives Here,2024,N/A,N/A,N/A
911. Horrorathon Volume 3,2024,1h 33m,N/A,N/A
912. Bring Me a Skin for Dancing In,2024,N/A,4.8,131
913. Dahaan,2024,2h 12m,8.3,12
914. Halloween Massacre,2024,N/A,6.9,16
915. Saka Perawan,2024,1h 31m,4.9,51
916. The Hellper,2024,1h 30m,6.7,21
917. In the Woods,2024,1h 23m,N/A,N/A
918. Mariara,2024,N/A,5.9,9
919. Ictus: Paciente Cero,2024,N/A,N/A,N/A
920. Apokrif,2024,1h 4m,9.0,13
921. The Whisper Within the Woods,2024,N/A,7.6,21
922. Big Bad CGI Monsters,2024,1h,4.8,18
923. Indera,2024,1h 44m,5.6,6
924. Easter Evil,2024,1h 12m,2.4,142
925. Teddiscare,2024,1h 22m,2.2,149
926. Mister Sleep,2024,1h 34m,4.9,103
927. The Mermaid,2024,1h 45m,N/A,N/A
928. Abnormal: Buas,2024,1h 30m,5.8,24
929. Nanoshark,2024,N/A,6.6,8
930. 3. Gece Habis,2024,N/A,6.9,14
931. Siapa Buka Lampu?,2024,1h 32m,N/A,N/A
932. Pulp Modern: Die Laughing,2024,1h 23m,8.2,83
933. Se upp för zombies!,2024,N/A,N/A,N/A
934. Screamwalkers,2024,1h 2m,6.8,14
935. Prethangalude Koottam,2024,N/A,N/A,N/A
936. Amityville Backrooms,2024,1h 12m,4.2,21
937. Bhootpori,2024,1h 50m,5.7,206
938. Dead Boys Club,2024,1h 45m,6.4,21
939. Creepypasta: Deathnet,2024,N/A,3.4,52
940. They Call Her Death,2024,1h 32m,8.0,11
941. Harvest,2024,N/A,5.7,13
942. The Clot,2024,1h 19m,2.9,24
943. Ame no naka no yokujô,2024,2h 12m,6.1,45
944. Quadrant: Noir Version,2024,1h 13m,7.6,6
945. Jason Escaped from Hell: A Friday the 13th Fan Film,2024,N/A,N/A,N/A
946. The Last Ritual,2024,1h 40m,8.3,7
947. I'm Haunted 3,2024,N/A,6.2,30
948. Delicate Arch,2024,1h 25m,5.0,9
949. Aphasia,2024,N/A,4.4,12
950. Souls of the Damned,2024,N/A,4.8,9
951. Bungalow Section 12,2024,1h 28m,2.4,58
952. Red Light District Shark Attack,2024,N/A,2.9,45
953. Bisikan Setan,2024,1h 28m,6.7,11
954. Burnt Flowers,2024,1h 39m,5.0,54
955. Big Cats,2024,1h 33m,4.3,58
956. In Search of Fear,2024,1h 40m,7.8,12
957. Happy Birthday Luci,2024,N/A,9.4,54
958. Bed of Nails,2024,1h 44m,5.1,22
959. Khatarnaak Manzil,2024,N/A,N/A,N/A
960. Historias de Halloween,2024,N/A,7.1,21
961. Psychopomp,2024,1h 36m,N/A,N/A
962. Aranam,2024,2h 7m,7.5,406
963. Death Web,2024,1h 4m,5.2,70
964. Intrusive,2024,1h 6m,N/A,N/A
965. Influenza,2024,1h 38m,4.0,28
966. Wonderland,2024,2h,6.3,10
967. Fangs Out: Blood Apocalypse,2024,N/A,N/A,N/A
968. Tan-Ti-Ana,2024,1h 35m,6.0,24
969. Basileia,2024,N/A,4.1,52
970. La Maldición de Knoche,2024,N/A,N/A,N/A
971. The Bitter Taste,2024,2h 5m,6.8,9
972. Operation Laila,2024,2h 3m,5.4,54
973. Adopt me All hallows Eve II,2024,18+,N/A,N/A
974. Torture the Flesh,2024,N/A,7.1,11
975. Abduction: The Harvesting,2024,N/A,4.5,7
976. The E-Ghost,2024,1h 50m,N/A,N/A
977. Lipstick on the Glass,2024,1h 56m,5.0,9
978. Ritual,2024,1h 10m,N/A,N/A
979. Ga la,2024,1h 37m,3.1,16
980. La Patasola,2024,1h 32m,2.9,28
981. A Game in the Woods,2024,1h 20m,8.1,16
982. Perempuan Pembawa Sial,2024,1h 37m,N/A,N/A
983. Spending Some Time Together,2024,2h 26m,6.8,27
984. Shaman,2024,1h 40m,7.7,9
985. Video Vision,2024,1h 18m,5.8,19
986. Demon: Azab-ül Kem,2024,N/A,5.8,48
987. DreadClub: Vampire's Verdict,2024,N/A,5.7,48
988. Burning Butterflies,2024,1h 43m,N/A,N/A
989. Rust 3,2024,N/A,4.5,40
990. Zombie Anonymous,2024,N/A,N/A,N/A
991. Clawface,2024,1h 38m,8.6,13
992. The Dead of Night,2024,N/A,N/A,N/A
993. Noclip,2024,1h 1m,4.3,19
994. Shining,2024,N/A,N/A,N/A
995. Shi Ren Yu,2024,1h 11m,N/A,N/A
996. The Point Pleasant Tapes,2024,N/A,N/A,N/A
997. Mosaic,2024,2h,5.2,17
998. Resident Evil Story,2024,N/A,N/A,N/A
999. Kabir Azabi 2,2024,N/A,2.5,8
1000. The Healing,2024,1h 35m,N/A,N/A
1001. 10/31 Part 4,2024,1h 27m,5.1,12
1002. Grimmwood,2024,N/A,N/A,N/A
1003. Alone in the Night,2024,N/A,N/A,N/A
1004. The Ghoul Haunting,2024,N/A,N/A,N/A
1005. Shadows,2024,1h 15m,6.5,20
1006. Toxic Daughter,2024,1h 45m,5.7,39
1007. Bitches Giving Stitches,2024,1h 20m,N/A,N/A
1008. Run from Hell,2024,N/A,N/A,N/A
1009. Killer Rental,2024,1h 26m,N/A,N/A
1010. Play Along,2024,1h 30m,N/A,N/A
1011. Terror of the Soul,2024,N/A,N/A,N/A
1012. Killer Reel,2024,1h 13m,N/A,N/A
1013. Slasher Days of Summer,2024,N/A,N/A,N/A
1014. Monkey's Magic Merry Go Round,2024,N/A,N/A,N/A
1015. There Is a Monster,2024,1h 22m,3.8,161
1016. Behold the Claw,2024,1h 15m,5.3,15
1017. Darling,2024,2h 39m,5.3,736
1018. Prove Your Love,2024,N/A,8.9,561
1019. Dabba,2024,1h 15m,5.2,17
1020. Watch If You Dare To,2024,1h 5m,N/A,N/A
1021. Blood Magick,2024,1h 39m,N/A,N/A
1022. The Twelve Step Strangler,2024,N/A,N/A,N/A
1023. Rose's Last Session,2024,N/A,7.7,11
1024. Head Like a Hole,2024,1h 33m,N/A,N/A
1025. The Devil's Wasteland,2024,1h 36m,N/A,N/A
1026. Bijt,2024,1h 45m,5.8,50
1027. Disremembered,2024,N/A,5.4,102
1028. The Wildman Massacre,2024,1h 30m,8.6,36
1029. II,2024,21m,8.7,26
1030. Early Morning Calm,2024,N/A,8.9,17
1031. The Haunted Granny,2024,N/A,N/A,N/A
1032. Killcast,2024,N/A,N/A,N/A
1033. Bernadette will töten,2024,1h 33m,N/A,N/A
1034. OMG: O Manchi Ghost,2024,2h 5m,5.2,580
1035. La sombra del tiburón,2024,1h 29m,6.2,16
1036. The Tormented,2024,1h 25m,N/A,N/A
1037. [null],2024,N/A,N/A,N/A
1038. Psycho Science,2024,N/A,6.4,20
1039. Death,2024,1h 17m,6.0,13
1040. Urban Nightmares: A Found Footage Anthology,2024,N/A,4.7,41
1041. Ravenwood,2024,N/A,N/A,N/A
1042. Peccatum,2024,1h 8m,1.8,19
1043. Immortal Thieves: The Bloody Heist,2024,N/A,8.8,20
1044. Cross Roads,2024,N/A,N/A,N/A
1045. Cieco sordo muto,2024,1h 25m,7.8,5
1046. Four Nights in Fear Forest,2024,N/A,N/A,N/A
1047. Dead Name,2024,1h 24m,9.0,11
1048. Placid Park,2024,N/A,5.7,29
1049. Adze the African Vampire,2024,1h 21m,3.4,56
1050. Hantu Polong,2024,1h 30m,2.0,5
1051. O Procedimento,2024,12m,8.5,46
1052. Dead Body,2024,2h 15m,3.9,31
1053. Nenu Keerthana,2024,2h 35m,9.0,2K
1054. Do You See Me?,2024,1h 28m,N/A,N/A
1055. Janus,2024,1h 12m,N/A,N/A
1056. Firework,2024,1h,6.6,11
1057. Strangers,2024,1h 39m,N/A,N/A
1058. Tragic,2024,1h 36m,8.9,18
1059. Retratos del Apocalipsis,2024,1h 15m,8.0,11
1060. Whispered Voices,2024,1h 30m,N/A,N/A
1061. The Girl in Yellow,2024,1h 25m,N/A,N/A
1062. Obscura,2024,1h 29m,7.2,6
1063. Clownface 3,2024,1h 44m,N/A,N/A
1064. Gunfighter Paradise,2024,N/A,8.7,16
1065. Decibel,2024,N/A,4.6,5
1066. Flammentod,2024,1h,N/A,N/A
1067. The Film Café,2024,N/A,N/A,N/A
1068. Bridge,2024,1h 18m,N/A,N/A
1069. On Gallows Hill,2024,N/A,N/A,N/A
1070. Treasures of Terror Vol 2,2024,N/A,N/A,N/A
1071. Jonestown: The Final Reckoning,2024,N/A,N/A,N/A
1072. Flora,2024,15m,N/A,N/A
1073. Am Fear Liath,2024,N/A,5.5,40
1074. Just Another Horror Movie,2024,31m,5.5,8
1075. Night Demon,2024,1h,N/A,N/A
1076. Slenderverse: Building the Slenderman,2024,1h 55m,N/A,N/A
1077. Küffar,2024,N/A,4.3,19
1078. Dead Fun,2024,1h 1m,8.5,8
1079. The Monsters Under Our Bed,2024,2h 7m,5.9,9
1080. The Candy Store,2024,N/A,N/A,N/A
1081. TapewormZ,2024,N/A,5.4,19
1082. Mesken (Messuage),2024,1h 42m,8.1,28
1083. Cin Köyü,2024,1h 15m,1.0,13
1084. Bananahead,2024,24m,N/A,N/A
1085. Kurban: Budak Iblis,2024,1h 27m,4.6,12
1086. SinÉl,2024,1h 12m,N/A,N/A
1087. Evil in Me,2024,1h 15m,N/A,N/A
1088. Stab 4: Knife of Doom,2024,1h 38m,5.3,10
1089. Thayyal Machine,2024,N/A,N/A,N/A
1090. Residency,2024,54m,N/A,N/A
1091. The Director's Cut,2024,1h 22m,4.2,13
1092. Lopaliki Ra Chepta,2024,1h 52m,N/A,N/A
1093. Iron Nest of the Moon,2024,1h 10m,7.6,13
1094. Dream Eater,2024,N/A,N/A,N/A
1095. Day of the Wicked,2024,1h 37m,N/A,N/A
1096. Sadako: Tomurai no Pendant,2024,53m,N/A,N/A
1097. Wayward Sisters,2024,N/A,N/A,N/A
1098. The Stickman's Hollow,2024,N/A,N/A,N/A
1099. Blood of the Werewolf's Claw,2024,N/A,N/A,N/A
1100. El Kafirun,2024,1h 10m,8.2,11
1101. The Awkward Stage,2024,1h 9m,5.0,10
1102. Etheria Film Night 2024,2024,1h 52m,7.6,11
1103. Der Dritte Gast,2024,1h 13m,3.4,39
1104. Synthwave Horror: Night of the Living Dead,2024,N/A,N/A,N/A
1105. Malediction,2024,N/A,N/A,N/A
1106. Demon Stalker,2024,1h 37m,N/A,N/A
1107. Symphony of Suffering,2024,1h 3m,N/A,N/A
1108. The Freaks of Fancy,2024,1h 38m,N/A,N/A
1109. Migraine,2024,1h 5m,8.4,22
1110. The Spirit Hunter,2024,1h 42m,4.3,22
1111. First Person Savior,2024,1h 21m,4.6,8
1112. The Dark Possesion Sinister Act,2024,N/A,N/A,N/A
1113. Krapiva: Tsvetok smerti,2024,1h 21m,6.4,40
1114. The Dream Ledger,2024,N/A,N/A,N/A
1115. Nighthawk,2024,1h 14m,N/A,N/A
1116. Mystery Creek,2024,1h 54m,N/A,N/A
1117. Overkill,2024,N/A,N/A,N/A
1118. Phantoms,2024,N/A,N/A,N/A
1119. The Whisper in the Woods,2024,1h 11m,N/A,N/A
1120. Retreat,2024,1h 33m,8.7,11
1121. Abduction Chronicles,2024,2h 6m,8.6,35
1122. Hellvira's Haunted Asylum of Horror,2024,1h 58m,5.7,26
1123. Dating Horror Stories,2024,N/A,N/A,N/A
1124. Containment,2024,N/A,N/A,N/A
1125. Midnight Harvest,2024,N/A,N/A,N/A
1126. The Cursed Tapes,2024,1h 35m,N/A,N/A
1127. Slender: Demoniac,2024,N/A,N/A,N/A
1128. Lachrymose Primrose,2024,1h 37m,6.9,35
1129. The Haunting of Lanquetot,2024,1h 36m,3.7,8
1130. Slasher House 3,2024,N/A,4.5,58
1131. Leech,2024,1h 20m,N/A,N/A
1132. My Cannibal Crush,2024,50m,6.3,10
1133. Believe Me or Not,2024,1h 30m,N/A,N/A
1134. The Hoard,2024,N/A,N/A,N/A
1135. Bigfoot the Movie: The Sequel,2024,N/A,N/A,N/A
1136. Sobe: Sakalli Bebek,2024,1h 26m,4.6,15
1137. I Curse This Land,2024,1h 26m,5.3,54
1138. Terrornet,2024,1h 28m,4.5,30
1139. ZombieCON Vol. 1,2024,N/A,N/A,N/A
1140. Zah-Har Cin Ahalisi,2024,N/A,3.8,8
1141. Night of the Red Moon,2024,N/A,N/A,N/A
1142. Kuang Bao Ju Xi,2024,1h 15m,6.8,54
1143. The Exorcism of Margot Miles,2024,N/A,N/A,N/A
1144. Korku Kapani (Sessiz Ciglik),2024,1h 7m,N/A,N/A
1145. Peeling Off,2024,17m,N/A,N/A
1146. Kanbalhi,2024,1h 55m,9.0,6
1147. #Models Wanted,2024,N/A,8.7,31
1148. Mother Goose's ScaryTales,2024,54m,N/A,N/A
1149. Mystery Writers,2024,1h 30m,4.5,59
1150. The Dark Eye,2024,1h 59m,N/A,N/A
1151. Amityville Webcam,2024,1h 42m,3.2,13
1152. Tóxico,2024,1h 28m,5.9,10
1153. Rise of the Crimson Butcher,2024,N/A,5.7,39
1154. The Bloodsummer Diary,2024,1h 45m,N/A,N/A
1155. Heirredrum,2024,N/A,N/A,N/A
1156. Sorority Girl Massacre: Guts of Ecstasy,2024,54m,N/A,N/A
1157. Slenderverse: The Rise and Fall of Slenderman,2024,1h 56m,N/A,N/A
1158. Gentleman Caller,2024,1h 43m,8.5,9
"1159. Love, Blood, & Aztec Demons: The Lost Films of Juan F. Moctezuma II",2024,1h 34m,N/A,N/A
1160. New Folder,2024,1h 12m,4.4,20
1161. SMB-plush presents trick or death,2024,2h,8.8,15
1162. Requiem: Three Tales of Horror,2024,55m,3.7,27
1163. Neath's Love Story 3,2024,1h 40m,6.5,9
1164. The WeedHacker Massacre,2024,N/A,N/A,N/A
1165. After Link,2024,14m,7.2,15
1166. Alaikyaa,2024,N/A,N/A,N/A
1167. Problematic Intentions,2024,1h 30m,4.3,12
1168. Dank Frank,2024,1h 12m,N/A,N/A
1169. The Tattoo,2024,1h 30m,N/A,N/A
1170. The Blade Cuts Deeper,2024,N/A,N/A,N/A
1171. All That Remains,2024,N/A,N/A,N/A
1172. Blood Red River Bed,2024,N/A,6.1,18
1173. Rainbows Over Plantation,2024,1h 20m,N/A,N/A
1174. Apocalypse Love,2024,N/A,N/A,N/A
1175. The Unsolved Love Hotel Murder Case Incident,2024,1h 10m,N/A,N/A
1176. The Dark Mother Special+20mn,2024,2h,7.4,19
1177. Nicole Russin-McFarland's the Masque of the Red Death,2024,50m,N/A,N/A
1178. Brain Tumor,2024,1h 16m,3.6,42
1179. 30 to 45,2024,1h 58m,N/A,N/A
1180. Padikkadha Pakkangal,2024,1h 46m,4.8,165
1181. Protanopia,2024,1h 15m,7.9,12
1182. Erracheera,2024,N/A,N/A,N/A
1183. The Doll Under the Stairs,2024,N/A,3.0,16
1184. Amigo,2024,N/A,N/A,N/A
1185. Snake Resort,2024,N/A,N/A,N/A
1186. Cruel: The Cross Village Encounter,2024,57m,4.4,41
1187. San Geng Ke Zhan,2024,1h 28m,5.6,6
1188. Saudade,2024,N/A,N/A,N/A
1189. Alien Legacy: Terror on Luxor Ridge,2024,2h 7m,5.8,20
1190. Night of the Howling,2024,1h 10m,N/A,N/A
1191. Cintihar,2024,1h 17m,2.9,8
1192. Kabandha,2024,2h 4m,9.2,28
1193. A Time to Die,2024,1h 45m,N/A,N/A
1194. Hishkenstien: After Dark,2024,1h 2m,N/A,N/A
1195. MAKKA: Cinn-i Azap,2024,1h 15m,4.7,11
1196. Napoleon Street,2024,1h 50m,N/A,N/A
1197. Trillberry Murders,2024,1h 54m,6.7,8
1198. Time Traveler's,2024,N/A,N/A,N/A
1199. Amityville VR,2024,N/A,N/A,N/A
1200. Framed,2024,Not Rated,4.8,67
1201. Keltainen joutsen,2024,1h 25m,N/A,N/A
1202. Cacophony the Animated Movie,2024,1h 21m,N/A,N/A
1203. Mom's Coming,2024,2h 2m,N/A,N/A
1204. Don't Open the Box,2024,45m,7.0,7
1205. Darah Nyai,2024,1h 30m,N/A,N/A
1206. A Coffin of Stars,2024,1h 40m,N/A,N/A
1207. Liu mang qu mo shi,2024,1h 44m,5.2,9
1208. Prologue: Thalassophilia - A Cryptograph in Three Acts,2024,15m,N/A,N/A
1209. Maldoror,2024,N/A,N/A,N/A
1210. Cryptic Triptych,2024,N/A,8.0,7
1211. Serena Versus,2024,N/A,N/A,N/A
1212. Wind and Bone,2024,1h 33m,5.7,12
1213. Alem-i Cin 5: Azap,2024,1h 16m,4.3,8
1214. Condemned,2024,1h 12m,8.8,11
1215. The Grieving,2024,1h 35m,N/A,N/A
1216. The Message,2024,N/A,N/A,N/A
1217. Stalked by Shadows,2024,1h,3.3,8
1218. Dont,2024,47m,N/A,N/A
1219. The World Drops Dead,2024,1h 11m,N/A,N/A
1220. Devil's Punchbowl,2024,N/A,4.2,26
1221. All of it Ends,2024,N/A,N/A,N/A
1222. Mister E,2024,N/A,N/A,N/A
1223. Alter-Ego Film Project,2024,N/A,N/A,N/A
1224. On the Trail of Bigfoot: The Ancients,2024,2h 20m,N/A,N/A
1225. The Book (El Libro),2024,N/A,4.2,6
1226. Tie Die,2024,1h 20m,N/A,N/A
1227. The Last Five Days: The Freak Building,2024,1h 1m,3.8,53
1228. Psychomorphosis,2024,48m,N/A,N/A
1229. Sen Alma,2024,N/A,N/A,N/A
1230. Horror Unmasked,2024,Not Rated,3.5,15
1231. Oro Negro,2024,N/A,N/A,N/A
1232. Tiny House,2024,N/A,N/A,N/A
1233. The Vent,2024,3m,8.9,14
1234. Biswas Villa-An Unfinished Story,2024,54m,8.6,21
1235. The Haunting of the Blain Mayor,2024,2h,N/A,N/A
1236. Petualangan Anak Penangkap Hantu,2024,1h 39m,5.9,20
1237. Tin Roof,2024,N/A,N/A,N/A
1238. Skinfolk,2024,N/A,N/A,N/A
1239. Inziva,2024,1h 34m,N/A,N/A
"1240. Fear, Forget My Name",2024,N/A,N/A,N/A
1241. Santa Crawls,2024,N/A,N/A,N/A
1242. La Llorona A devils chapter begins,2024,N/A,N/A,N/A
1243. FPS,2024,1h,3.8,15
1244. Embryonic,2024,1h 15m,N/A,N/A
1245. Bet on Black,2024,N/A,N/A,N/A
1246. Vebal,2024,N/A,4.4,10
1247. Town Mall 2,2024,1h 26m,6.6,15
1248. Phantom Lights: UAPs of the Forest,2024,1h 21m,N/A,N/A
1249. Suhaila Bint Duaim,2024,2h 36m,N/A,N/A
1250. Ölümcül Davet,2024,N/A,N/A,N/A
1251. Slasher Fetish,2024,N/A,N/A,N/A
1252. The Beast of No-Mans Land,2024,1h 30m,N/A,N/A
1253. The Listening,2024,N/A,N/A,N/A
1254. Amir,2024,1h 10m,6.2,14
1255. Tales of the Forgotten,2024,2h 50m,5.8,7
1256. Mihrez 3: Cin Bebek,2024,N/A,3.0,15
1257. Dominus,2024,1h 24m,N/A,N/A
1258. Tennessee Bigfoot,2024,1h 5m,N/A,N/A
1259. Drops from Hell,2024,N/A,N/A,N/A
1260. The Haunting in Rosemary Lane,2024,59m,3.4,27
1261. Dreams of flesh,2024,1h,6.8,6
1262. Lucid Creek,2024,1h 20m,N/A,N/A
1263. Good Boy,2024,13m,N/A,N/A
1264. City of Oz,2024,N/A,N/A,N/A
1265. Muhnochwa,2024,N/A,N/A,N/A
1266. High Strangeness,2024,N/A,N/A,N/A
1267. Misteri Bilik Korek Api,2024,1h 13m,N/A,N/A
1268. The Sacrifice,2024,1h,N/A,N/A
1269. Naalkane Aayama,2024,1h 48m,4.9,1.7K
1270. A Hot Mess,2024,N/A,N/A,N/A
1271. Prima del giorno dopo,2024,1h 45m,7.8,73
1272. Web,2024,1h 11m,N/A,N/A
1273. HMM Hug Me More,2024,N/A,8.3,115
1274. Asher and Ruth,2024,1h 3m,N/A,N/A
1275. Dreams of the Dead,2024,1h 22m,N/A,N/A
1276. The Prey,2024,1h 19m,N/A,N/A
1277. Recalculating,2024,1h 30m,N/A,N/A
1278. A Melty Kiss Lost in the Abyss - Un Dolce Bacio Perduto nell'Abisso -,2024,1h 31m,N/A,N/A
1279. Monster Girls,2024,N/A,N/A,N/A
1280. Cheongsam Merah Darah,2024,1h 30m,6.2,10
1281. Toys R Us (Fanmade FIim),2024,2h,N/A,N/A
1282. B Lines,2024,N/A,N/A,N/A
1283. Diwe,2024,N/A,N/A,N/A
1284. Bunny Man Slaughter,2024,N/A,4.1,8
1285. Sister Psycho,2024,N/A,N/A,N/A
1286. Laberinto de sombras,2024,1h 50m,6.2,6
1287. Zombies: Christmas Apocalypse,2024,N/A,N/A,N/A
1288. Waltz,2024,N/A,N/A,N/A
1289. Ateet Ek Prem Kahani,2024,N/A,N/A,N/A
1290. Don't Sleep,2024,1h 39m,N/A,N/A
1291. Everything Decays,2024,1h 4m,N/A,N/A
1292. The Beast Hand,2024,N/A,N/A,N/A
1293. Incubus the evocation,2024,N/A,N/A,N/A
1294. Átropos,2024,1h 33m,5.5,18
1295. Hellfire Hades II: 1980's Voodoo,2024,2h 30m,N/A,N/A
1296. Bad Ben 13: The Dracula Situation,2024,1h 39m,N/A,N/A
1297. Haunted New Orleans,2024,N/A,N/A,N/A
1298. Atesten Dogan,2024,1h 18m,N/A,N/A
1299. Gadi,2024,1h 17m,N/A,N/A
1300. Mendebur,2024,1h 33m,N/A,N/A
1301. Quiet,2024,1h 11m,N/A,N/A
1302. Leatherbound,2024,N/A,8.0,8
1303. Where the Mountain Women Sing,2024,15m,5.9,8
1304. Into the Dead of Night,2024,1h 3m,N/A,N/A
1305. GOREphers: Final Gnaw,2024,1h 2m,N/A,N/A
1306. Maximum Strollerdrive,2024,N/A,N/A,N/A
"1307. Agnes, Beauty is a Painted Hell",2024,14m,N/A,N/A
1308. Krampus (MM),2024,N/A,N/A,N/A
1309. Demons V.s Ghosts,2024,N/A,N/A,N/A
1310. Neighborhood,2024,1h 24m,N/A,N/A
1311. Nijari,2024,1h 46m,N/A,N/A
1312. The Woods,2024,N/A,N/A,N/A
1313. Sala Escura,2024,N/A,N/A,N/A
1314. Case 19: Vichchhiya,2024,51m,N/A,N/A
1315. Viral,2024,1h 2m,N/A,N/A
1316. Into Pitch Black,2024,N/A,N/A,N/A
1317. Ucube: Son Efsun,2024,N/A,2.7,8
1318. Midnight Perturbation,2024,1h 21m,8.6,12
1319. The Doomsday Virus,2024,2h 30m,N/A,N/A
1320. He's Watching You,2024,N/A,N/A,N/A
1321. Satan Kingdom Babylon,2024,1h 17m,N/A,N/A
1322. Compression,2024,2h 4m,7.8,12
1323. The Bell: Panggilan Untuk Mati,2024,N/A,N/A,N/A
1324. EP/2,2024,1h 8m,N/A,N/A
1325. Erotik 2: The Beyond,2024,1h 21m,N/A,N/A
1326. Oh...My Wife,2024,1h 34m,N/A,N/A
1327. Death Perception,2024,1h 46m,N/A,N/A
1328. Humanzee,2024,N/A,N/A,N/A
1329. Troubled Chairs,2024,N/A,8.0,13
1330. Mercy Brown,2024,1h,N/A,N/A
1331. King,2024,8m,N/A,N/A
1332. The Boy Inside the Cocoon,2024,2h 6m,N/A,N/A
1333. Devil on Stalk,2024,14m,N/A,N/A
1334. Kara Cin Laneti,2024,N/A,3.9,18
1335. Queen Dracula Sucks Again,2024,N/A,N/A,N/A
1336. Cursed,2024,N/A,N/A,N/A
1337. Forbidden Tapes - Anthology of Terror,2024,N/A,N/A,N/A
1338. Ihlathi Legazi,2024,58m,N/A,N/A
1339. Live Different,2024,48m,N/A,N/A
1340. Colour Palette,2024,1h 27m,8.9,21
1341. Five Nights at Freddy's: Shadow of Vanny,2024,1h 21m,N/A,N/A
1342. Anna,2024,1h 15m,N/A,N/A
1343. A Hell of A Difference,2024,1h 20m,7.2,18
1344. Yagna,2024,2h 11m,6.3,1.1K
1345. Ghost Ahead,2024,N/A,N/A,N/A
1346. A Maldição de Romanova,2024,1h 20m,N/A,N/A
1347. The Tooth Fairy and Other Twisted Tales,2024,1h 24m,N/A,N/A
1348. The Hay Man,2024,1h 14m,N/A,N/A
1349. Observados,2024,N/A,N/A,N/A
1350. Chasing Zombies: A George Romero Tribute,2024,1h 45m,N/A,N/A
1351. Enasar: Sirayet-i Cin,2024,N/A,6.3,16
1352. Diary of A Necro Piggy,2024,1h 30m,N/A,N/A
1353. Here Lies Daniel,2024,14m,N/A,N/A
1354. London After Midnight,2024,1h 4m,N/A,N/A
1355. Dead Men,2024,11m,N/A,N/A
1356. Don't Open the Book,2024,N/A,N/A,N/A
1357. Changle Zhen Gui Shi,2024,1h 28m,N/A,N/A
1358. Static: An Anthology,2024,1h 20m,N/A,N/A
1359. Unwelcome Home,2024,1h 15m,7.6,6
1360. Sister II,2024,1h 29m,N/A,N/A
1361. Un día cualquiera,2024,1h 30m,5.7,14
1362. Jyukinshi,2024,1h 43m,3.0,8
1363. Manju Maria,2024,2h 45m,N/A,N/A
1364. Pemburu Saka,2024,1h 29m,N/A,N/A
1365. Suprema,2024,1h 38m,N/A,N/A
1366. The Forest,2024,1h 47m,N/A,N/A
1367. Corpórea,2024,N/A,5.2,6
1368. Büyücü,2024,N/A,N/A,N/A
1369. I am the girl 3 me and my girlfriend,2024,N/A,N/A,N/A
1370. Darkness,2024,12m,N/A,N/A
1371. Night of the Strangers,2024,N/A,N/A,N/A
1372. Florence,2024,1h 19m,N/A,N/A
1373. Horror Able,2024,1h 18m,N/A,N/A
1374. Kaalima,2024,N/A,N/A,N/A
1375. Memories You Killed,2024,N/A,9.0,13
1376. Pinnil Oral,2024,2h 7m,6.0,112
1377. Fierce Killer Marsupial,2024,1h 26m,N/A,N/A
1378. Ifritin Mührü,2024,N/A,N/A,N/A
1379. Taped Up Familys,2024,N/A,4.8,66
1380. Only Mom,2024,1h 22m,N/A,N/A
1381. A Detox Horrific,2024,1h 12m,N/A,N/A
1382. The Statement,2024,N/A,N/A,N/A
1383. La Hacienda - El Regreso de los Malditos,2024,1h 10m,8.6,11
1384. Killer Hand Dryer,2024,1h 58m,7.8,9
1385. Andrey Iskanov's Breaking Uroboros,2024,N/A,7.5,29
1386. Tapeface,2024,46m,N/A,N/A
1387. I Heard You Buy Souls,2024,N/A,N/A,N/A
1388. Adrian,2024,N/A,N/A,N/A
1389. Synthwave Horror: The Cabinet of Dr. Caligari,2024,N/A,N/A,N/A
1390. Winter Grae,2024,N/A,N/A,N/A
1391. Darkness Hunting,2024,1h 12m,N/A,N/A
1392. Soul Harvest,2024,N/A,N/A,N/A
1393. Le discours des songes,2024,1h 10m,N/A,N/A
1394. Penumbra: Requiem,2024,1h 31m,N/A,N/A
1395. Project Mutationem: The Second Collection,2024,1h 43m,N/A,N/A
1396. Ilijah,2024,TV-MA,N/A,N/A
1397. A Teenage Tragedy,2024,1h 35m,N/A,N/A
1398. The killer duck,2024,47m,N/A,N/A
1399. Hançer,2024,N/A,N/A,N/A
1400. Spooky Society,2024,N/A,N/A,N/A
1401. The Burned Hand,2024,1h 25m,8.7,11
1402. The Lustful Dead II,2024,N/A,N/A,N/A
1403. Nowhere Land,2024,1h 24m,N/A,N/A
1404. Slenderverse: An Artistic Movement,2024,1h 45m,N/A,N/A
1405. Three Dead Cowboys,2024,N/A,N/A,N/A
1406. 31 Kills of Halloween,2024,N/A,N/A,N/A
1407. Idiot Girls and School Ghost 2: Teaching Practice,2024,1h 25m,N/A,N/A
1408. Scary Campfire Stories,2024,50m,N/A,N/A
1409. After the First Five Nights,2024,37m,N/A,N/A
1410. Inti No. 13,2024,N/A,N/A,N/A
"1411. Rotten, Welcome to the Freak Show",2024,1h 20m,N/A,N/A
1412. The Mollusk Murders,2024,N/A,N/A,N/A
1413. Sala Escura,2024,1h 35m,N/A,N/A
1414. Velhan,2024,N/A,6.3,10
1415. Black Theta,2024,1h 49m,N/A,N/A
1416. The Crude Crypt Vol 3,2024,1h 15m,N/A,N/A
1417. Tienes 24 horas,2024,1h 1m,N/A,N/A
"1418. ...Mayombe, Paula?",2024,N/A,N/A,N/A
1419. Inside a spider,2024,N/A,N/A,N/A
1420. Cose nere,2024,1h 23m,N/A,N/A
1421. A Flicker of Life,2024,N/A,N/A,N/A
1422. Blurred Lines,2024,47m,N/A,N/A
1423. Your Curse,2024,N/A,N/A,N/A
1424. Road Kill,2024,1h 20m,N/A,N/A
1425. Five Nights at Freddy's Minecraft Roleplay Movie,2024,1h 24m,N/A,N/A
1426. ANiMA,2024,1h 28m,N/A,N/A
1427. Dare to Stay,2024,N/A,N/A,N/A
1428. Kanakamahalakshmi,2024,N/A,N/A,N/A
1429. Ridin the Clown,2024,1h 5m,N/A,N/A
1430. Keo=peul-ji-ok,2024,1h 34m,N/A,N/A
1431. Cin Günü,2024,1h 20m,N/A,N/A
1432. Family Comes First,2024,1h 5m,N/A,N/A
1433. Halloween the 31st: The Curse Continues...,2024,N/A,N/A,N/A
1434. Squelch,2024,1h 32m,N/A,N/A
1435. The Watchers Roblox movie,2024,35m,N/A,N/A
1436. Balaayen,2024,N/A,N/A,N/A
1437. El día de la tormenta,2024,N/A,N/A,N/A
1438. Buggers,2024,N/A,N/A,N/A
1439. Dead-End,2024,46m,N/A,N/A
1440. The Scarlet Fry Collection,2024,N/A,N/A,N/A
1441. Hi8 Resurrectio Director's Cut,2024,1h 17m,N/A,N/A
1442. Nellie's Bathroom Window Movie,2024,N/A,N/A,N/A
1443. Boney Island Reality Show,2024,1h 27m,4.0,19
1444. Landlord,2024,N/A,N/A,N/A
1445. Malvila Farm,2024,N/A,N/A,N/A
1446. Offline: O Filme,2024,1h 9m,N/A,N/A
1447. Konodoga wa Saisei Dekimasen: The Movie,2024,N/A,N/A,N/A
1448. Hotel Houffer,2024,1h 52m,N/A,N/A
1449. Unvexed,2024,N/A,N/A,N/A
1450. A Lenda dos Quatro,2024,N/A,N/A,N/A
1451. Lacerta,2024,N/A,N/A,N/A
1452. Feng Shui,2024,N/A,N/A,N/A
1453. Adipocere,2024,N/A,N/A,N/A
1454. Rakshasa Tantra,2024,N/A,N/A,N/A
1455. Drive Recorder Spirit,2024,51m,N/A,N/A
1456. The Damned Lands,2024,N/A,N/A,N/A
1457. Christmas Spirit,2024,2h 30m,N/A,N/A
1458. The Pandemic Dilemma,2024,2h 6m,N/A,N/A
1459. The Lonely Ones,2024,N/A,N/A,N/A
1460. The Follower,2024,1h 30m,N/A,N/A
1461. Ghostly Secrets of Hotel San Carlos,2024,1h 23m,N/A,N/A
1462. Bo Alajen,2024,N/A,N/A,N/A
1463. Ciudad Oculta,2024,1h 36m,6.4,6
1464. I'm Seeing Things,2024,54m,N/A,N/A
1465. The Killer Goldfish,2024,1h 34m,N/A,N/A
1466. The Jinxed,2024,2h 3m,N/A,N/A
1467. The Pray,2024,N/A,N/A,N/A
1468. The Massacre,2024,N/A,N/A,N/A
1469. The Last American Possession,2024,1h 10m,N/A,N/A
1470. The Secrets of a Drone,2024,2h 8m,N/A,N/A
1471. Five Nights at Freddy's: La Storia Di Giovyx 2 (Fan-Film),2024,N/A,N/A,N/A
1472. Zuhruf Saye,2024,N/A,4.1,11
1473. Ummeed,2024,N/A,N/A,N/A
1474. The Ritual Soul,2024,1h 18m,N/A,N/A
1475. A Hot Mess (I),2024,N/A,N/A,N/A
1476. Ahbar,2024,1h 20m,3.0,14
"1477. The Actor, the Nurse, & The Cryptid",2024,2h 17m,N/A,N/A
1478. Archai,2024,1h 27m,N/A,N/A
1479. The Greeter,2024,N/A,N/A,N/A
"1480. Mateo, el origen",2024,N/A,N/A,N/A
1481. Conexão com o Mal,2024,2h 13m,N/A,N/A
1482. Arbor Day,2024,1h 5m,N/A,N/A
1483. Réfractions,2024,1h 3m,N/A,N/A
1484. Mashaarojinn,2024,1h 39m,N/A,N/A
1485. Drone,2024,1h 24m,N/A,N/A
1486. Escape the City,2024,4h,N/A,N/A
1487. Los visitados,2024,N/A,N/A,N/A
1488. I am the girl 4 my Student and my Agony,2024,N/A,N/A,N/A
1489. Gregório & as Patricinhas,N/A,N/A,N/A,N/A
1490. Les Écorchés - Partie 1,2024,1h 50m,N/A,N/A
1491. Psychedelic,2024,N/A,N/A,N/A
1492. Helen,2024,N/A,N/A,N/A
1493. Molt,2024,N/A,N/A,N/A
1494. Stickman,2024,1h 54m,N/A,N/A
1495. As Mortes de Hera,2024,1h 10m,N/A,N/A
1496. The Faceless Man Project,2024,1h 29m,N/A,N/A
1497. The Night Devours,2024,N/A,N/A,N/A
1498. Pacha,2024,1h 30m,N/A,N/A
1499. La Cabane À Sang 2024,2024,N/A,N/A,N/A
1500. The Roost,2024,57m,N/A,N/A
1501. Doll,2024,N/A,N/A,N/A
1502. Fatal Exposure,2024,18m,N/A,N/A
1503. Witch's Lair,2024,8m,N/A,N/A
1504. Zero Sum Game,2024,N/A,N/A,N/A
1505. Vefk-i Cin Sekar,2024,1h 24m,N/A,N/A
1506. The Evil Within,2024,N/A,N/A,N/A
1507. The Witch Doll of Aliester Croweley,2024,16m,N/A,N/A
1508. There's Something About Knuckles Saga,2024,46m,N/A,N/A
1509. LOON!,2024,N/A,N/A,N/A
1510. Demo_n (2024 Film),2024,1h 10m,N/A,N/A
1511. The Hazzard Files Part One,2024,1h 22m,N/A,N/A
1512. The Night Ground,2024,6m,N/A,N/A
1513. Mr. Squids,2024,1h 6m,N/A,N/A
1514. The Last Hide and Seek,2024,N/A,N/A,N/A
1515. Seytan1,2024,N/A,6.4,6
1516. American Terror Tales 3,2024,N/A,N/A,N/A
1517. Cast Party,2024,N/A,N/A,N/A
1518. New Tokyo Poltergeist,2024,1h 28m,5.2,6
1519. John,2024,1h,N/A,N/A
1520. The Mini Lights,2024,1h 20m,N/A,N/A
1521. The Last Grail Hunter,2024,N/A,N/A,N/A
1522. El Centinela de las Ánimas,2024,N/A,N/A,N/A
1523. Apostando con el diablo,2024,1h 43m,N/A,N/A
1524. Last Shark,2024,1h 10m,N/A,N/A
1525. Doors. Hotel Mystery,2024,13+,N/A,N/A
1526. Stay Evil,2024,1h 27m,N/A,N/A
1527. Blue Caveman,2024,N/A,N/A,N/A
1528. Bannkorb,2024,19m,N/A,N/A
1529. OINK the Dark Pig,2024,N/A,N/A,N/A
1530. Dashboard Dogs,2024,1h 30m,N/A,N/A
1531. Cin Cukuru,2024,1h 10m,N/A,N/A
1532. As Close to Me As Always,2024,1h 37m,N/A,N/A
1533. Histórias Estranhas 2,2024,1h 22m,N/A,N/A
1534. A.R.C.A,2024,52m,N/A,N/A
1535. Midnight at the Limbo Lounge,2024,N/A,N/A,N/A
1536. Korban Jatuh Tempo,2024,N/A,N/A,N/A
1537. Athma,2024,N/A,N/A,N/A
1538. The Resurrection of Amy Barlow,2024,Not Rated,N/A,N/A
1539. Karanliktaki Kadin,2024,N/A,N/A,N/A
1540. The Other Side,2024,N/A,N/A,N/A
1541. The Hounds of Darkness,2024,N/A,5.6,6
1542. Leave This House,2024,N/A,N/A,N/A
1543. Frica De Noapte,2024,N/A,N/A,N/A
1544. Maranayudham,2024,2h 21m,N/A,N/A
1545. No One's Laughing,2024,42m,N/A,N/A
1546. Cursed Waters: Creature of Lake Okanagan,2024,N/A,N/A,N/A
1547. Toll House Horrors,2024,N/A,N/A,N/A
1548. Cin Daveti,2024,N/A,3.2,6
1549. 4th Die-Mension,2024,N/A,N/A,N/A
1550. Sunday Scaries,2024,N/A,N/A,N/A
1551. Pierrot è un assassino,2024,2h,N/A,N/A
1552. Harruk,2024,1h 10m,4.5,21
1553. Green Spaces,2024,N/A,N/A,N/A
1554. Murders of Whitney Manor,2024,1h,N/A,N/A
1555. You Feel Like You're Being Watched,2024,43m,N/A,N/A
1556. Painted Smile,2024,N/A,N/A,N/A
1557. La Llorona Evil Awakens,2024,N/A,N/A,N/A
1558. Anagana O Rajkumarudu,2024,N/A,N/A,N/A
1559. A Party for Karl Marx,2024,1h 14m,N/A,N/A
1560. Are Vampires Real,2024,45m,N/A,N/A
1561. The Dark Beam,2024,1h 30m,N/A,N/A
1562. Rahha,2024,2h 15m,2.7,12
1563. Fábrica do Medo - Edição Comemorativa,2024,1h 13m,N/A,N/A
1564. Love Like Fear,2024,1h 30m,N/A,N/A
1565. The Days Left,2024,47m,N/A,N/A
1566. Strange Future,2024,N/A,N/A,N/A
1567. A Vanished Puppet,2024,1h 25m,N/A,N/A
1568. Rebel,2024,1h 29m,N/A,N/A
1569. Resolver,2024,N/A,N/A,N/A
1570. The Red Herring,2024,53m,N/A,N/A
1571. Un ciel noir dans la station 13,2024,1h 30m,N/A,N/A
1572. Interview with an Exorcist,2024,N/A,N/A,N/A
1573. Gone: The Movie,2024,13m,N/A,N/A
1574. The Get Out,2024,N/A,N/A,N/A
1575. epic gost movie,2024,1h 7m,N/A,N/A
1576. Hell 2: Soil,2024,50m,N/A,N/A
1577. The Smell of Blood,2024,1h 15m,2.4,14
1578. Once Passed On,2024,1h 31m,6.6,6
1579. O Andala Rakshasi,2024,N/A,N/A,N/A
1580. The Mortician,2024,16+,N/A,N/A
1581. Ghost Bowl,2024,1h 30m,N/A,N/A
1582. Synthwave Horror: The Hands of Orlac,2024,N/A,N/A,N/A
1583. A Noiva,2024,1h 13m,N/A,N/A
1584. Sinister clown till death do us apart chapter 2,2024,N/A,N/A,N/A
1585. Obsession in Flesh,2024,N/A,N/A,N/A
1586. Hide Me Within Your Wounds,2024,N/A,N/A,N/A
1587. The Dog from A Graveyard,2024,1h 33m,N/A,N/A
1588. Silent Hill Stories,2024,N/A,N/A,N/A
1589. Twisted vision 2024,2024,N/A,N/A,N/A
1590. Jungwa,2024,1h 21m,N/A,N/A
1591. Messpsycho Evil,2024,N/A,N/A,N/A
1592. El banquete,2024,1h 18m,N/A,N/A
1593. Gizlenen,2024,N/A,3.6,7
1594. Gla,2024,N/A,N/A,N/A
1595. ZZZ: Zombie Zone Zero,2024,1h 15m,N/A,N/A
1596. Doom Walker,2024,1h 5m,N/A,N/A
"1597. Il bambino, i due furfanti e la strega",2024,N/A,N/A,N/A
1598. Black Vale: Wolfsbane,2024,1h 28m,N/A,N/A
1599. Sock,2024,N/A,N/A,N/A
1600. Llorona Origin,2024,N/A,N/A,N/A
1601. Bhootarth,2024,N/A,N/A,N/A
1602. Dear Mother Ghost,2024,1h 15m,N/A,N/A
1603. Alem-i Cin 5: Azap,2024,N/A,N/A,N/A
1604. Mir'at Iblisin Laneti,2024,N/A,N/A,N/A
1605. Halloween: The Evil of Michael Myers,2024,N/A,N/A,N/A
1606. Frights and Fears Vol 2,2024,N/A,N/A,N/A
1607. Sirna Dalane Pati,2024,45m,N/A,N/A
1608. Dark Motel,2024,1h 20m,N/A,N/A
1609. Creepy Uncle Frankie,2024,N/A,N/A,N/A
1610. Creepy Man the Final Battle,2024,Not Rated,N/A,N/A
1611. Creepy Man Returns,2024,Not Rated,N/A,N/A
1612. Shit Happens and Miracles Too,2024,N/A,N/A,N/A
1613. EverMoreOutThere,2024,1h 38m,N/A,N/A
1614. Rami Noda,2024,N/A,N/A,N/A
1615. Rent4Ghost,2024,1h 30m,N/A,N/A
1616. Cin Bebek: Kabus,2024,1h 22m,N/A,N/A
1617. The Lights,2024,1h 31m,N/A,N/A
1618. Darr Awaaz,2024,N/A,N/A,N/A
"1619. The Call of Cthulhu, Pt. 3 - Madness from the Sea",2024,N/A,N/A,N/A
1620. Belldoor,2024,N/A,N/A,N/A
1621. JEIT,2024,1h 10m,N/A,N/A
1622. Infrastrata,2024,1h 5m,N/A,N/A
1623. Terrors,2024,1h 5m,N/A,N/A
1624. T.C.O,2024,1h 23m,N/A,N/A
1625. Beneath the Floorboard,2024,6m,N/A,N/A
1626. Dream of Deceit,2024,N/A,N/A,N/A
1627. Baby Pillows,2024,Not Rated,N/A,N/A
1628. Le tueur du premier mai,2024,1h 7m,N/A,N/A
1629. The Swift,2024,33m,N/A,N/A
1630. The Fetch of Hobbler's Trench,2024,1h 31m,N/A,N/A
1631. No Budget Theater Double Feature,2024,1h 37m,N/A,N/A
1632. Witchcast,2024,1h 8m,N/A,N/A
1633. Momentum,2024,5m,N/A,N/A
1634. Ondu Pishachiya Kathe,2024,N/A,N/A,N/A
1635. Five Nights at TK's: The Curse of TK,2024,1h,N/A,N/A
1636. Katala - Oyun Gecesi,2024,N/A,3.7,9
"1637. Destination: Hollywood, California",2024,N/A,N/A,N/A
1638. Blood Fight,2024,1h 19m,N/A,N/A
1639. Movie at Afton,2024,2h 18m,N/A,N/A
1640. Interlopers,2024,1h 46m,N/A,N/A
1641. Lol Dog,2024,3h 4m,N/A,N/A
1642. Mutation X,2024,51m,N/A,N/A
1643. Cin Hapishanesi,2024,1h 15m,N/A,N/A
1644. 3 Strikes You're Dead,2024,N/A,N/A,N/A
1645. NOSOFACH: Balada o vesmíre,2024,N/A,N/A,N/A
1646. The Witch of Hamsann,2024,N/A,N/A,N/A
1647. Corridor 13,2024,1h 41m,N/A,N/A
1648. Isolation Zone 5,2024,1h 28m,N/A,N/A
1649. Pharism: Prologue,2024,1h 18m,N/A,N/A
1650. My First Feature: Creating Darkside Stories,2024,N/A,N/A,N/A
1651. Shadow Reaper,2024,1h 10m,N/A,N/A
1652. Brandon Sigloch's the Riverside Slasher,2024,57m,N/A,N/A
1653. Ruh Azabi,2024,1h 30m,N/A,N/A
1654. Love Bites,2024,1h,N/A,N/A
1655. House 107,2024,N/A,N/A,N/A
1656. Vamp Camp: Being a Melodrama in Three Parts,2024,N/A,N/A,N/A
1657. The Caller,2024,1h 20m,N/A,N/A
1658. The Man-Tis,2024,1h,N/A,N/A
1659. Laberintos del Subconsciente (Una Película de Arte y Ensayo),2024,1h 12m,N/A,N/A
